p.name	p.chr	p.start	p.stop	pct.samples	num.samples	pct.sv.types	overlap.genes	nearby.genes	overlap.roi	nearby.roi
pX.1	chrX	163000	348000	13.8613861386139	14	DEL(85.71%)|DUP(7.143%)|INS(7.143%)	LINC00685|PLCXD1|GTPBP6|PPP2R3B	LOC102723840|SHOX|CRLF2|CSF2RA	GH0XI000225|GH0XI000230|GH0XI000249|GH0XI000267|GH0XI000270|GH0XI000275|GH0XI000278|GH0XI000280|GH0XI000317|GH0XI000323|GH0XI000330|GH0XI000261	GH0XI000356|GH0XI000367|GH0XI000372|GH0XI000373
pX.2	chrX	264000	382000	16.8316831683168	18	DEL(94.44%)|INV(5.556%)	LINC00685|PLCXD1|GTPBP6|PPP2R3B	LOC102723840|SHOX|CRLF2|CSF2RA	GH0XI000267|GH0XI000270|GH0XI000275|GH0XI000278|GH0XI000280|GH0XI000317|GH0XI000323|GH0XI000330|GH0XI000356|GH0XI000367|GH0XI000372|GH0XI000373|GH0XI000378	GH0XI000261|GH0XI000385|GH0XI000249|GH0XI000397
pX.3	chrX	308000	612000	21.7821782178218	28	BND(3.571%)|DEL(96.43%)|DUP(3.571%)|INV(3.571%)	LINC00685|LOC102723840|GTPBP6|PPP2R3B	PLCXD1|SHOX|CRLF2|CSF2RA	GH0XI000317|GH0XI000323|GH0XI000330|GH0XI000356|GH0XI000367|GH0XI000372|GH0XI000373|GH0XI000378|GH0XI000385|GH0XI000397|GH0XI000413|GH0XI000499	GH0XI000280|GH0XI000278|GH0XI000275|GH0XI000270
pX.4	chrX	517000	617000	7.92079207920792	8	BND(12.5%)|DEL(62.5%)|DUP(12.5%)|INV(12.5%)		SHOX|LOC102723840|PPP2R3B|LINC00685		GH0XI000499|GH0XI000698|GH0XI000413|GH0XI000397
pX.5	chrX	527000	658000	8.91089108910891	11	BND(9.091%)|DEL(72.73%)|DUP(9.091%)|INV(9.091%)	SHOX	LOC102723840|PPP2R3B|LINC00685|GTPBP6		GH0XI000499|GH0XI000698|GH0XI000413|GH0XI000397
pX.6	chrX	638000	755000	6.93069306930693	7	DEL(71.43%)|DUP(28.57%)	SHOX	LOC102723840|PPP2R3B|LINC00685|GTPBP6	GH0XI000698	GH0XI000499|GH0XI000413|GH0XI000989|GH0XI000397
pX.7	chrX	666000	837000	9.9009900990099	11	DEL(81.82%)|DUP(18.18%)		SHOX|LOC102723840|PPP2R3B|LINC00685	GH0XI000698	GH0XI000989|GH0XI000499|GH0XI001023|GH0XI001025
pX.8	chrX	818000	1085000	9.9009900990099	15	DEL(93.33%)|DUP(6.667%)|INV(13.33%)		CRLF2|SHOX|CSF2RA|MIR3690	GH0XI000989|GH0XI001023|GH0XI001025|GH0XI001026	GH0XI001164|GH0XI001165|GH0XI001178|GH0XI000698
pX.9	chrX	1002000	1113000	6.93069306930693	7	DEL(100%)		CRLF2|CSF2RA|MIR3690|IL3RA	GH0XI001023|GH0XI001025|GH0XI001026	GH0XI000989|GH0XI001164|GH0XI001165|GH0XI001178
pX.10	chrX	1044000	1236000	9.9009900990099	12	DEL(91.67%)|INV(8.333%)	CRLF2	CSF2RA|MIR3690|IL3RA|LOC101928055	GH0XI001164|GH0XI001165|GH0XI001178|GH0XI001205|GH0XI001207|GH0XI001208|GH0XI001215|GH0XI001222|GH0XI001232|GH0XI001212	GH0XI001239|GH0XI001242|GH0XI001246|GH0XI001247
pX.11	chrX	1141000	1398000	14.8514851485149	22	DEL(81.82%)|DUP(4.545%)|INS(4.545%)|INV(13.64%)	MIR3690|SLC25A6|CRLF2|IL3RA|LOC101928055|CSF2RA	ASMTL-AS1|ASMTL|P2RY8|AKAP17A	GH0XI001164|GH0XI001165|GH0XI001178|GH0XI001205|GH0XI001207|GH0XI001208|GH0XI001215|GH0XI001222|GH0XI001232|GH0XI001239|GH0XI001242|GH0XI001246|GH0XI001247|GH0XI001268|GH0XI001273|GH0XI001274|GH0XI001279|GH0XI001316|GH0XI001320|GH0XI001330|GH0XI001333|GH0XI001336|GH0XI001339|GH0XI001355|GH0XI001380|GH0XI001395|GH0XI001212|GH0XI001391	GH0XI001405|GH0XI001451|GH0XI001452|GH0XI001457
pX.12	chrX	1482000	1589000	5.94059405940594	6	DEL(83.33%)|INV(16.67%)	P2RY8	AKAP17A|ASMT|ASMTL|ASMTL-AS1	GH0XI001480|GH0XI001483|GH0XI001484|GH0XI001486|GH0XI001491|GH0XI001493|GH0XI001500|GH0XI001506|GH0XI001507|GH0XI001509|GH0XI001517|GH0XI001518|GH0XI001519|GH0XI001521|GH0XI001525|GH0XI001526|GH0XI001530|GH0XI001535|GH0XI001546|GH0XI001554|GH0XI001565|GH0XI001570|GH0XI001582|GH0XI001587	GH0XI001589|GH0XI001590|GH0XI001591|GH0XI001477
pX.13	chrX	1541000	1740000	9.9009900990099	11	DEL(100%)|DUP(9.091%)	AKAP17A|ASMT	P2RY8|ASMTL|ASMTL-AS1|SLC25A6	GH0XI001546|GH0XI001554|GH0XI001565|GH0XI001570|GH0XI001582|GH0XI001587|GH0XI001589|GH0XI001590|GH0XI001591|GH0XI001614|GH0XI001615|GH0XI001621|GH0XI001657|GH0XI001660	GH0XI001535|GH0XI001530|GH0XI001526|GH0XI001525
pX.14	chrX	1718000	1926000	13.8613861386139	15	BND(6.667%)|DEL(86.67%)|DUP(6.667%)|INV(6.667%)		ASMT|AKAP17A|P2RY8|ASMTL		GH0XI001660|GH0XI001657|GH0XI001621|GH0XI001615
pX.15	chrX	2098000	2297000	16.8316831683168	18	DEL(27.78%)|INV(72.22%)	DHRSX	LOC101928070|ZBED1|LOC101928092|MIR6089-1	GH0XI002182|GH0XI002188	GH0XI002320|GH0XI002324|GH0XI002351|GH0XI002358
pX.16	chrX	16083000	16283000	9.9009900990099	10	DEL(20%)|DUP(70%)|INV(20%)	GRPR|LOC102724124|MAGEB17	AP1S2|ZRSR2|CA5B|INE2	GH0XI016100|GH0XI016113|GH0XI016119|GH0XI016122|GH0XI016124|GH0XI016125|GH0XI016158|GH0XI016159|GH0XI016161|GH0XI016179|GH0XI016178|GH0XI016184|GH0XI016198|GH0XI016204|GH0XI016211|GH0XI016215|GH0XI016239|GH0XI016185	GH0XI016312|GH0XI016313|GH0XI016050|GH0XI016320
pX.17	chrX	25311000	25417000	5.94059405940594	6	DEL(16.67%)|INV(83.33%)		ARX|POLA1|SCARNA23|PCYT1B	GH0XI025382	GH0XI025523|GH0XI025646|GH0XI025650|GH0XI025052
pX.18	chrX	30354000	30554000	6.93069306930693	7	DEL(14.29%)|DUP(85.71%)		CXorf21|NR0B1|GK|MAGEB1	GH0XI030520	GH0XI030560|GH0XI030563|GH0XI030568|GH0XI030571
pX.19	chrX	30503000	30702000	6.93069306930693	8	DEL(87.5%)|INV(12.5%)	CXorf21|GK	TAB3|NR0B1|MAGEB1|MAGEB4	GH0XI030520|GH0XI030560|GH0XI030563|GH0XI030568|GH0XI030571|GH0XI030573|GH0XI030580|GH0XI030589|GH0XI030590|GH0XI030591|GH0XI030592|GH0XI030593|GH0XI030596|GH0XI030600|GH0XI030612|GH0XI030618|GH0XI030625|GH0XI030630|GH0XI030638|GH0XI030639|GH0XI030642|GH0XI030649|GH0XI030664|GH0XI030672|GH0XI030677|GH0XI030683|GH0XI030698|GH0XI030572|GH0XI030588|GH0XI030620|GH0XI030651	GH0XI030702|GH0XI030713|GH0XI030726|GH0XI030735
pX.20	chrX	32372000	32493000	5.94059405940594	6	DEL(50%)|DUP(33.33%)|INV(16.67%)	DMD	MIR3915|MIR548F5|FTHL17|TAB3	GH0XI032413|GH0XI032447	GH0XI032246|GH0XI032667|GH0XI032154|GH0XI032871
pX.21	chrX	34720000	34920000	5.94059405940594	6	DEL(100%)		FAM47B|TMEM47|FAM47A|MAGEB16	GH0XI034764|GH0XI034778|GH0XI034876|GH0XI034880|GH0XI034884	GH0XI034942|GH0XI034653|GH0XI034631|GH0XI034627
pX.22	chrX	40112000	40261000	5.94059405940594	6	DEL(16.67%)|DUP(33.33%)|INV(50%)	LOC102724413|BCOR	RP11-320G24.1|MIR1587|ATP6AP2|MPC1L	GH0XI040113|GH0XI040116|GH0XI040120|GH0XI040122|GH0XI040121|GH0XI040126|GH0XI040130|GH0XI040131|GH0XI040133|GH0XI040140|GH0XI040145|GH0XI040147|GH0XI040148|GH0XI040179|GH0XI040188|GH0XI040201|GH0XI040205|GH0XI040245|GH0XI040260|GH0XI040141|GH0XI040150|GH0XI040166	GH0XI040261|GH0XI040103|GH0XI040265|GH0XI040104
pX.23	chrX	44987000	45109000	5.94059405940594	6	DEL(83.33%)|INV(50%)	KDM6A	CXorf36|DUSP21|RP11-245M24.1|FUNDC1	GH0XI044997|GH0XI045003|GH0XI045001|GH0XI045002|GH0XI045011|GH0XI045059|GH0XI045068|GH0XI045070|GH0XI045005	GH0XI045111|GH0XI044973|GH0XI045128|GH0XI045133
pX.24	chrX	48573000	48773000	17.8217821782178	18	DEL(33.33%)|DUP(11.11%)|INV(66.67%)	WAS|SUV39H1|GLOD5|RBM3|WDR13	TBC1D25|GATA1|HDAC6|EBP	GH0XI048573|GH0XI048582|GH0XI048589|GH0XI048592|GH0XI048596|GH0XI048618|GH0XI048617|GH0XI048631|GH0XI048648|GH0XI048667|GH0XI048679|GH0XI048682|GH0XI048695|GH0XI048700|GH0XI048704|GH0XI048710|GH0XI048719|GH0XI048736|GH0XI048752|GH0XI048753|GH0XI048761|GH0XI048770|GH0XI048675	GH0XI048569|GH0XI048776|GH0XI048782|GH0XI048785
pX.25	chrX	56913000	57112000	7.92079207920792	9	DEL(22.22%)|DUP(22.22%)|INV(66.67%)	SPIN3	SPIN2B|SPIN2A|LOC550643|FAAH2	GH0XI056946|GH0XI056978|GH0XI056994	GH0XI057120|GH0XI057136|GH0XI057176|GH0XI056811
pX.26	chrX	62416000	62566000	8.91089108910891	9	BND(11.11%)|DEL(44.44%)|DUP(22.22%)|INV(33.33%)		SPIN4|LOC92249|ARHGEF9|MIR1468		GH0XI063186|GH0XI063204|GH0XI063349|GH0XI063408
pX.27	chrX	62589000	62744000	6.93069306930693	7	DEL(42.86%)|DUP(28.57%)|INV(42.86%)		SPIN4|LOC92249|ARHGEF9|MIR1468		GH0XI063186|GH0XI063204|GH0XI063349|GH0XI063408
pX.28	chrX	62665000	62774000	5.94059405940594	6	DEL(66.67%)|DUP(33.33%)|INV(50%)		SPIN4|LOC92249|ARHGEF9|MIR1468		GH0XI063186|GH0XI063204|GH0XI063349|GH0XI063408
pX.29	chrX	63732000	63893000	6.93069306930693	7	DEL(28.57%)|DUP(28.57%)|INV(85.71%)	MIR1468|ARHGEF9	LOC92249|AMER1|ASB12|MTMR8	GH0XI063745|GH0XI063750|GH0XI063752|GH0XI063751|GH0XI063761|GH0XI063781	GH0XI063921|GH0XI063959|GH0XI063656|GH0XI063581
pX.30	chrX	64116000	64238000	5.94059405940594	6	DUP(33.33%)|INV(66.67%)	AMER1|ASB12	MTMR8|MIR1468|ARHGEF9|LOC92249	GH0XI064198|GH0XI064203|GH0XI064230	GH0XI064334|GH0XI064351|GH0XI063959|GH0XI064394
pX.31	chrX	64375000	64478000	5.94059405940594	6	DEL(16.67%)|DUP(16.67%)|INV(66.67%)	MTMR8	ASB12|AMER1|ZC4H2|MIR1468	GH0XI064394	GH0XI064351|GH0XI064334|GH0XI064230|GH0XI064203
pX.32	chrX	64703000	64823000	5.94059405940594	6	BND(16.67%)|DEL(50%)|DUP(33.33%)|INV(50%)		ZC4H2|MTMR8|ASB12|AMER1		GH0XI064842|GH0XI064850|GH0XI064656|GH0XI064928
pX.33	chrX	64725000	64834000	5.94059405940594	6	BND(16.67%)|DEL(33.33%)|DUP(50%)|INV(50%)		ZC4H2|MTMR8|ASB12|AMER1		GH0XI064842|GH0XI064850|GH0XI064656|GH0XI064928
pX.34	chrX	64740000	64994000	10.8910891089109	15	BND(6.667%)|DEL(66.67%)|DUP(20%)|INV(53.33%)	ZC4H2	MTMR8|ZC3H12B|ASB12|LAS1L	GH0XI064842|GH0XI064850|GH0XI064928|GH0XI064975	GH0XI065028|GH0XI065030|GH0XI065034|GH0XI064656
pX.35	chrX	64906000	65075000	7.92079207920792	8	DEL(62.5%)|DUP(25%)|INV(50%)	ZC4H2	ZC3H12B|LAS1L|FRMD8P1|MTMR8	GH0XI064928|GH0XI064975|GH0XI065028|GH0XI065030|GH0XI065034	GH0XI065127|GH0XI064850|GH0XI064842|GH0XI065195
pX.36	chrX	65008000	65113000	5.94059405940594	6	DEL(16.67%)|DUP(50%)|INV(66.67%)	ZC4H2	ZC3H12B|LAS1L|FRMD8P1|MSN	GH0XI065028|GH0XI065030|GH0XI065034	GH0XI065127|GH0XI064975|GH0XI064928|GH0XI065195
pX.37	chrX	65061000	65207000	6.93069306930693	7	DEL(42.86%)|DUP(57.14%)|INV(57.14%)		ZC4H2|ZC3H12B|LAS1L|FRMD8P1	GH0XI065127|GH0XI065195	GH0XI065034|GH0XI065030|GH0XI065028|GH0XI065244
pX.38	chrX	65112000	65247000	5.94059405940594	6	DEL(50%)|DUP(50%)|INV(66.67%)		ZC4H2|ZC3H12B|LAS1L|FRMD8P1	GH0XI065127|GH0XI065195|GH0XI065244	GH0XI065299|GH0XI065034|GH0XI065030|GH0XI065028
pX.39	chrX	65358000	65574000	10.8910891089109	12	BND(8.333%)|DEL(41.67%)|DUP(41.67%)|INV(50%)	ZC3H12B|LAS1L|FRMD8P1	MSN|ZC4H2|MIR223|VSIG4	GH0XI065406|GH0XI065462|GH0XI065480|GH0XI065528|GH0XI065533|GH0XI065536	GH0XI065581|GH0XI065587|GH0XI065595|GH0XI065600
pX.40	chrX	65484000	65594000	6.93069306930693	7	DEL(28.57%)|DUP(71.43%)|INV(57.14%)	ZC3H12B|LAS1L|FRMD8P1|MSN	MIR223|VSIG4|ZC4H2|HEPH	GH0XI065528|GH0XI065533|GH0XI065536|GH0XI065581|GH0XI065587	GH0XI065595|GH0XI065480|GH0XI065600|GH0XI065607
pX.41	chrX	65516000	65617000	6.93069306930693	7	DEL(14.29%)|DUP(57.14%)|INV(57.14%)	LAS1L|FRMD8P1|MSN	ZC3H12B|MIR223|VSIG4|ZC4H2	GH0XI065528|GH0XI065533|GH0XI065536|GH0XI065581|GH0XI065587|GH0XI065595|GH0XI065607|GH0XI065609|GH0XI065600	GH0XI065633|GH0XI065634|GH0XI065642|GH0XI065480
pX.42	chrX	65524000	65624000	6.93069306930693	7	DEL(42.86%)|DUP(57.14%)|INV(57.14%)	LAS1L|FRMD8P1|MSN	ZC3H12B|MIR223|VSIG4|ZC4H2	GH0XI065528|GH0XI065533|GH0XI065536|GH0XI065581|GH0XI065587|GH0XI065595|GH0XI065607|GH0XI065609|GH0XI065600	GH0XI065633|GH0XI065634|GH0XI065642|GH0XI065656
pX.43	chrX	65527000	65627000	6.93069306930693	7	DEL(42.86%)|DUP(71.43%)|INV(42.86%)	LAS1L|FRMD8P1|MSN	ZC3H12B|MIR223|VSIG4|ZC4H2	GH0XI065528|GH0XI065533|GH0XI065536|GH0XI065581|GH0XI065587|GH0XI065595|GH0XI065607|GH0XI065609|GH0XI065600	GH0XI065633|GH0XI065634|GH0XI065642|GH0XI065656
pX.44	chrX	65534000	65733000	9.9009900990099	13	DEL(46.15%)|DUP(38.46%)|INV(46.15%)	LAS1L|FRMD8P1|MSN	ZC3H12B|MIR223|VSIG4|HEPH	GH0XI065533|GH0XI065536|GH0XI065581|GH0XI065587|GH0XI065595|GH0XI065607|GH0XI065609|GH0XI065634|GH0XI065642|GH0XI065656|GH0XI065672|GH0XI065673|GH0XI065674|GH0XI065676|GH0XI065680|GH0XI065682|GH0XI065684|GH0XI065692|GH0XI065702|GH0XI065708|GH0XI065712|GH0XI065713|GH0XI065716|GH0XI065719|GH0XI065725|GH0XI065600|GH0XI065633|GH0XI065693|GH0XI065729|GH0XI065666	GH0XI065736|GH0XI065528|GH0XI065740|GH0XI065750
pX.45	chrX	65645000	65844000	7.92079207920792	11	DEL(72.73%)|DUP(9.091%)|INV(36.36%)	MSN	FRMD8P1|LAS1L|ZC3H12B|MIR223	GH0XI065642|GH0XI065656|GH0XI065672|GH0XI065673|GH0XI065674|GH0XI065676|GH0XI065680|GH0XI065682|GH0XI065684|GH0XI065692|GH0XI065702|GH0XI065708|GH0XI065712|GH0XI065713|GH0XI065716|GH0XI065719|GH0XI065725|GH0XI065736|GH0XI065740|GH0XI065750|GH0XI065752|GH0XI065757|GH0XI065821|GH0XI065693|GH0XI065729|GH0XI065666	GH0XI065634|GH0XI065633|GH0XI065865|GH0XI065871
pX.46	chrX	65815000	65990000	6.93069306930693	8	DEL(50%)|DUP(25%)|INV(75%)		MIR223|VSIG4|MSN|HEPH	GH0XI065821|GH0XI065865|GH0XI065871|GH0XI065873|GH0XI065894|GH0XI065920|GH0XI065924|GH0XI065932|GH0XI065985|GH0XI065988	GH0XI065994|GH0XI065995|GH0XI065996|GH0XI066004
pX.47	chrX	65912000	66015000	6.93069306930693	7	DEL(14.29%)|DUP(28.57%)|INV(85.71%)		MIR223|VSIG4|HEPH|MSN	GH0XI065920|GH0XI065924|GH0XI065932|GH0XI065985|GH0XI065988|GH0XI065994|GH0XI065995|GH0XI065996|GH0XI066004|GH0XI066006	GH0XI066024|GH0XI066030|GH0XI065894|GH0XI066040
pX.48	chrX	65932000	66133000	11.8811881188119	12	DEL(33.33%)|DUP(25%)|INV(91.67%)	MIR223|VSIG4	HEPH|MSN|FRMD8P1|LAS1L	GH0XI065932|GH0XI065985|GH0XI065988|GH0XI065994|GH0XI065995|GH0XI065996|GH0XI066004|GH0XI066024|GH0XI066030|GH0XI066040|GH0XI066045|GH0XI066049|GH0XI066074|GH0XI066006	GH0XI065924|GH0XI065920|GH0XI066160|GH0XI065894
pX.49	chrX	66044000	66176000	13.8613861386139	14	DEL(28.57%)|DUP(14.29%)|INV(78.57%)	HEPH	VSIG4|MIR223|MSN|EDA2R	GH0XI066045|GH0XI066049|GH0XI066074|GH0XI066160	GH0XI066040|GH0XI066030|GH0XI066024|GH0XI066006
pX.50	chrX	66078000	66243000	11.8811881188119	14	DEL(28.57%)|DUP(21.43%)|INV(78.57%)	HEPH	VSIG4|MIR223|MSN|EDA2R	GH0XI066160	GH0XI066074|GH0XI066049|GH0XI066045|GH0XI066040
pX.51	chrX	66175000	66277000	9.9009900990099	10	DEL(10%)|DUP(20%)|INV(80%)	HEPH	VSIG4|MIR223|EDA2R|MSN		GH0XI066160|GH0XI066074|GH0XI066049|GH0XI066045
pX.52	chrX	66186000	66288000	9.9009900990099	10	DEL(10%)|DUP(20%)|INV(70%)	HEPH	VSIG4|MIR223|EDA2R|MSN		GH0XI066160|GH0XI066074|GH0XI066049|GH0XI066045
pX.53	chrX	66222000	66425000	13.8613861386139	17	BND(11.76%)|DEL(35.29%)|DUP(23.53%)|INV(52.94%)	HEPH	EDA2R|VSIG4|MIR223|MSN		GH0XI066160|GH0XI066074|GH0XI066049|GH0XI066045
pX.54	chrX	66350000	66610000	13.8613861386139	19	BND(10.53%)|DEL(42.11%)|DUP(47.37%)|INV(57.89%)	EDA2R	HEPH|VSIG4|MIR223|MSN		GH0XI066615|GH0XI066622|GH0XI066632|GH0XI066676
pX.55	chrX	66602000	66817000	29.7029702970297	36	BND(2.778%)|DEL(16.67%)|DUP(47.22%)|INV(52.78%)	EDA2R	HEPH|VSIG4|MIR223|AR	GH0XI066615|GH0XI066622|GH0XI066676|GH0XI066728|GH0XI066632	GH0XI066900|GH0XI066914|GH0XI067094|GH0XI066160
pX.56	chrX	66771000	66884000	41.5841584158416	43	DEL(6.977%)|DUP(58.14%)|INV(46.51%)		EDA2R|HEPH|AR|VSIG4		GH0XI066900|GH0XI066914|GH0XI066728|GH0XI066676
pX.57	chrX	66790000	66915000	44.5544554455446	46	DEL(10.87%)|DUP(69.57%)|INV(36.96%)		EDA2R|HEPH|AR|VSIG4	GH0XI066900|GH0XI066914	GH0XI066728|GH0XI066676|GH0XI066632|GH0XI066622
pX.58	chrX	66831000	66933000	40.5940594059406	41	DEL(12.2%)|DUP(70.73%)|INV(34.15%)		EDA2R|HEPH|AR|VSIG4	GH0XI066900|GH0XI066914	GH0XI066728|GH0XI066676|GH0XI067094|GH0XI066632
pX.59	chrX	66917000	67117000	34.6534653465347	44	BND(2.273%)|DEL(18.18%)|DUP(65.91%)|INV(34.09%)		EDA2R|AR|HEPH|VSIG4	GH0XI067094	GH0XI066914|GH0XI066900|GH0XI067287|GH0XI067289
pX.60	chrX	67025000	67141000	15.8415841584158	17	DEL(29.41%)|DUP(64.71%)|INV(47.06%)		EDA2R|AR|HEPH|OPHN1	GH0XI067094	GH0XI066914|GH0XI066900|GH0XI067287|GH0XI067289
pX.61	chrX	67183000	67474000	16.8316831683168	25	DEL(36%)|DUP(40%)|INV(60%)		AR|EDA2R|OPHN1|HEPH	GH0XI067287|GH0XI067290|GH0XI067437|GH0XI067289	GH0XI067543|GH0XI067094|GH0XI067563|GH0XI067604
pX.62	chrX	67392000	67498000	9.9009900990099	10	DEL(10%)|DUP(20%)|INV(70%)		AR|OPHN1|EDA2R|YIPF6	GH0XI067437	GH0XI067543|GH0XI067563|GH0XI067290|GH0XI067289
pX.63	chrX	67425000	67533000	8.91089108910891	9	DEL(11.11%)|DUP(33.33%)|INV(66.67%)		AR|OPHN1|EDA2R|YIPF6	GH0XI067437	GH0XI067543|GH0XI067563|GH0XI067604|GH0XI067607
pX.64	chrX	67465000	67565000	8.91089108910891	9	DEL(22.22%)|DUP(33.33%)|INV(66.67%)	AR	OPHN1|EDA2R|YIPF6|STARD8	GH0XI067543|GH0XI067563	GH0XI067437|GH0XI067604|GH0XI067607|GH0XI067612
pX.65	chrX	67477000	67582000	8.91089108910891	9	DEL(33.33%)|DUP(22.22%)|INV(66.67%)	AR	OPHN1|EDA2R|YIPF6|STARD8	GH0XI067543|GH0XI067563	GH0XI067604|GH0XI067607|GH0XI067612|GH0XI067619
pX.66	chrX	67503000	67623000	10.8910891089109	11	DEL(36.36%)|DUP(18.18%)|INV(81.82%)	AR	OPHN1|EDA2R|YIPF6|STARD8	GH0XI067543|GH0XI067563|GH0XI067604|GH0XI067607|GH0XI067612|GH0XI067619	GH0XI067651|GH0XI067437|GH0XI067695|GH0XI067723
pX.67	chrX	67526000	67705000	14.8514851485149	18	DEL(38.89%)|DUP(33.33%)|INS(5.556%)|INV(72.22%)	AR	OPHN1|YIPF6|EDA2R|STARD8	GH0XI067543|GH0XI067563|GH0XI067604|GH0XI067607|GH0XI067612|GH0XI067619|GH0XI067651|GH0XI067695	GH0XI067723|GH0XI067779|GH0XI067437|GH0XI067290
pX.68	chrX	67616000	67755000	18.8118811881188	19	DEL(36.84%)|DUP(36.84%)|INS(5.263%)|INV(57.89%)	AR	OPHN1|YIPF6|STARD8|EDA2R	GH0XI067619|GH0XI067651|GH0XI067695|GH0XI067723	GH0XI067612|GH0XI067607|GH0XI067604|GH0XI067779
pX.69	chrX	67660000	67917000	24.7524752475248	32	BND(3.125%)|DEL(56.25%)|DUP(34.38%)|INV(59.38%)	AR	OPHN1|YIPF6|STARD8|EFNB1	GH0XI067695|GH0XI067723|GH0XI067779	GH0XI067651|GH0XI067619|GH0XI067612|GH0XI067607
pX.70	chrX	67856000	68043000	15.8415841584158	19	DEL(21.05%)|DUP(31.58%)|INS(5.263%)|INV(78.95%)	OPHN1	AR|YIPF6|STARD8|EFNB1		GH0XI068071|GH0XI068084|GH0XI068087|GH0XI068114
pX.71	chrX	67951000	68055000	12.8712871287129	13	DEL(7.692%)|DUP(30.77%)|INS(7.692%)|INV(76.92%)	OPHN1	AR|YIPF6|STARD8|EFNB1		GH0XI068071|GH0XI068084|GH0XI068087|GH0XI068114
pX.72	chrX	68004000	68106000	12.8712871287129	13	DEL(53.85%)|DUP(30.77%)|INS(7.692%)|INV(46.15%)	OPHN1	AR|YIPF6|STARD8|EFNB1	GH0XI068071|GH0XI068084|GH0XI068087	GH0XI068114|GH0XI068163|GH0XI068234|GH0XI068249
pX.73	chrX	68015000	68340000	19.8019801980198	28	DEL(35.71%)|DUP(28.57%)|INV(75%)	OPHN1	YIPF6|AR|STARD8|EFNB1	GH0XI068071|GH0XI068084|GH0XI068087|GH0XI068114|GH0XI068163|GH0XI068234|GH0XI068249|GH0XI068307|GH0XI068332	GH0XI068365|GH0XI068405|GH0XI068414|GH0XI068416
pX.74	chrX	68243000	68345000	7.92079207920792	8	DUP(25%)|INV(87.5%)	OPHN1	YIPF6|STARD8|EFNB1|AR	GH0XI068249|GH0XI068307|GH0XI068332	GH0XI068234|GH0XI068365|GH0XI068405|GH0XI068414
pX.75	chrX	68291000	68490000	11.8811881188119	13	DEL(46.15%)|DUP(30.77%)|INV(61.54%)	OPHN1	YIPF6|STARD8|EFNB1|LOC102723911	GH0XI068307|GH0XI068332|GH0XI068365|GH0XI068405|GH0XI068414|GH0XI068416|GH0XI068420|GH0XI068428|GH0XI068430|GH0XI068429|GH0XI068432|GH0XI068438|GH0XI068440|GH0XI068443|GH0XI068454|GH0XI068455|GH0XI068462|GH0XI068463|GH0XI068487	GH0XI068496|GH0XI068503|GH0XI068508|GH0XI068249
pX.76	chrX	68393000	68495000	6.93069306930693	7	DEL(71.43%)|DUP(28.57%)|INV(71.43%)	OPHN1	YIPF6|STARD8|EFNB1|LOC102723911	GH0XI068405|GH0XI068414|GH0XI068416|GH0XI068420|GH0XI068428|GH0XI068430|GH0XI068429|GH0XI068432|GH0XI068438|GH0XI068440|GH0XI068443|GH0XI068454|GH0XI068455|GH0XI068462|GH0XI068463|GH0XI068487	GH0XI068496|GH0XI068503|GH0XI068508|GH0XI068365
pX.77	chrX	68400000	68506000	6.93069306930693	7	DEL(42.86%)|DUP(28.57%)|INV(71.43%)	YIPF6|OPHN1	STARD8|EFNB1|LOC102723911|PJA1	GH0XI068405|GH0XI068414|GH0XI068416|GH0XI068420|GH0XI068428|GH0XI068430|GH0XI068429|GH0XI068432|GH0XI068438|GH0XI068440|GH0XI068443|GH0XI068454|GH0XI068455|GH0XI068462|GH0XI068463|GH0XI068487|GH0XI068496|GH0XI068503	GH0XI068508|GH0XI068365|GH0XI068571|GH0XI068332
pX.78	chrX	68423000	68693000	10.8910891089109	15	BND(6.667%)|DEL(40%)|DUP(20%)|INV(73.33%)	YIPF6|STARD8|OPHN1	EFNB1|LOC102723911|PJA1|LINC00269	GH0XI068428|GH0XI068430|GH0XI068429|GH0XI068432|GH0XI068438|GH0XI068440|GH0XI068443|GH0XI068454|GH0XI068455|GH0XI068462|GH0XI068463|GH0XI068487|GH0XI068496|GH0XI068503|GH0XI068508|GH0XI068571|GH0XI068646|GH0XI068658|GH0XI068666|GH0XI068669|GH0XI068672|GH0XI068680|GH0XI068683|GH0XI068648|GH0XI068692|GH0XI068681	GH0XI068420|GH0XI068416|GH0XI068414|GH0XI068702
pX.79	chrX	68805000	68968000	6.93069306930693	7	DEL(57.14%)|INS(14.29%)|INV(100%)	EFNB1	LOC102723911|STARD8|PJA1|LINC00269	GH0XI068822|GH0XI068838|GH0XI068839|GH0XI068840|GH0XI068841|GH0XI068846|GH0XI068847|GH0XI068867|GH0XI068879|GH0XI068880|GH0XI068911|GH0XI068920|GH0XI068922|GH0XI068929|GH0XI068932|GH0XI068933|GH0XI068934|GH0XI068935|GH0XI068938|GH0XI068945|GH0XI068827|GH0XI068845|GH0XI068893	GH0XI068784|GH0XI068783|GH0XI068989|GH0XI068994
pX.80	chrX	68881000	68994000	5.94059405940594	6	DEL(50%)|DUP(33.33%)|INS(16.67%)|INV(100%)		LOC102723911|EFNB1|STARD8|PJA1	GH0XI068880|GH0XI068911|GH0XI068920|GH0XI068922|GH0XI068929|GH0XI068932|GH0XI068933|GH0XI068934|GH0XI068935|GH0XI068938|GH0XI068945|GH0XI068989|GH0XI068893	GH0XI068994|GH0XI068995|GH0XI068879|GH0XI068867
pX.81	chrX	68925000	69027000	5.94059405940594	6	DEL(16.67%)|DUP(66.67%)|INV(50%)		LOC102723911|EFNB1|PJA1|LINC00269	GH0XI068929|GH0XI068932|GH0XI068933|GH0XI068934|GH0XI068935|GH0XI068938|GH0XI068945|GH0XI068989|GH0XI068994|GH0XI068995|GH0XI069023	GH0XI068922|GH0XI068920|GH0XI069031|GH0XI068911
pX.82	chrX	68968000	69085000	5.94059405940594	6	DEL(16.67%)|DUP(83.33%)|INV(50%)	LOC102723911	PJA1|LINC00269|EFNB1|STARD8	GH0XI068989|GH0XI068994|GH0XI068995|GH0XI069031|GH0XI069060|GH0XI069082|GH0XI069023	GH0XI069088|GH0XI069087|GH0XI069097|GH0XI069101
pX.83	chrX	69064000	69344000	9.9009900990099	14	DEL(21.43%)|DUP(42.86%)|INV(64.29%)	PJA1|LINC00269	LOC102723911|FAM155B|EFNB1|EDA	GH0XI069082|GH0XI069088|GH0XI069087|GH0XI069097|GH0XI069101|GH0XI069104|GH0XI069115|GH0XI069128|GH0XI069133|GH0XI069136|GH0XI069148|GH0XI069152|GH0XI069158|GH0XI069163|GH0XI069179|GH0XI069195|GH0XI069223|GH0XI069221|GH0XI069224|GH0XI069222|GH0XI069277|GH0XI069284|GH0XI069305|GH0XI069307|GH0XI069308|GH0XI069106|GH0XI069225	GH0XI069060|GH0XI069357|GH0XI069360|GH0XI069031
pX.84	chrX	69262000	69374000	5.94059405940594	6	DEL(50%)|DUP(33.33%)|INV(66.67%)		LINC00269|PJA1|FAM155B|LOC102723911	GH0XI069277|GH0XI069284|GH0XI069305|GH0XI069307|GH0XI069308|GH0XI069357|GH0XI069360	GH0XI069387|GH0XI069395|GH0XI069396|GH0XI069222
pX.85	chrX	69288000	69404000	6.93069306930693	8	DEL(37.5%)|DUP(25%)|INV(75%)		LINC00269|FAM155B|PJA1|EDA	GH0XI069305|GH0XI069307|GH0XI069308|GH0XI069357|GH0XI069360|GH0XI069387|GH0XI069395|GH0XI069396	GH0XI069284|GH0XI069277|GH0XI069429|GH0XI069430
pX.86	chrX	69309000	69487000	7.92079207920792	9	DEL(11.11%)|DUP(11.11%)|INV(77.78%)		FAM155B|LINC00269|EDA|PJA1	GH0XI069308|GH0XI069357|GH0XI069360|GH0XI069387|GH0XI069395|GH0XI069396|GH0XI069429|GH0XI069430	GH0XI069307|GH0XI069305|GH0XI069493|GH0XI069503
pX.87	chrX	69425000	69528000	6.93069306930693	7	DEL(14.29%)|DUP(28.57%)|INV(85.71%)	FAM155B	EDA|LINC00269|PJA1|LOC102723911	GH0XI069429|GH0XI069430|GH0XI069493|GH0XI069503	GH0XI069538|GH0XI069551|GH0XI069396|GH0XI069395
pX.88	chrX	69440000	69595000	8.91089108910891	9	DEL(44.44%)|DUP(22.22%)|INV(88.89%)	FAM155B	EDA|LINC00269|PJA1|LOC102723911	GH0XI069493|GH0XI069503|GH0XI069538|GH0XI069551	GH0XI069602|GH0XI069430|GH0XI069429|GH0XI069613
pX.89	chrX	69498000	69624000	6.93069306930693	8	DEL(50%)|DUP(50%)|INV(62.5%)	FAM155B|EDA	LINC00269|PJA1|MIR676|AWAT2	GH0XI069503|GH0XI069538|GH0XI069551|GH0XI069602|GH0XI069613	GH0XI069493|GH0XI069632|GH0XI069430|GH0XI069429
pX.90	chrX	69530000	69646000	5.94059405940594	6	DEL(66.67%)|DUP(50%)|INV(83.33%)	FAM155B|EDA	LINC00269|PJA1|MIR676|AWAT2	GH0XI069538|GH0XI069551|GH0XI069602|GH0XI069632|GH0XI069613	GH0XI069503|GH0XI069493|GH0XI069705|GH0XI069430
pX.91	chrX	69868000	69971000	5.94059405940594	6	DEL(16.67%)|DUP(16.67%)|INV(83.33%)	EDA	MIR676|AWAT2|OTUD6A|IGBP1		GH0XI069844|GH0XI069994|GH0XI070013|GH0XI070022
pX.92	chrX	69885000	70024000	5.94059405940594	6	DEL(33.33%)|DUP(16.67%)|INV(83.33%)	MIR676|EDA	AWAT2|OTUD6A|IGBP1|DGAT2L6	GH0XI069994|GH0XI070013|GH0XI070022	GH0XI070029|GH0XI070062|GH0XI069844|GH0XI070087
pX.93	chrX	69944000	70049000	5.94059405940594	6	DEL(50%)|DUP(33.33%)|INS(16.67%)|INV(66.67%)	MIR676|AWAT2|EDA	OTUD6A|IGBP1|DGAT2L6|AWAT1	GH0XI069994|GH0XI070013|GH0XI070022|GH0XI070029	GH0XI070062|GH0XI070087|GH0XI070132|GH0XI069844
pX.94	chrX	72481000	72585000	5.94059405940594	6	DEL(16.67%)|DUP(33.33%)|INV(66.67%)	PHKA1|HDAC8	RP1-172N19.2|CITED1|FAM226B|DMRTC1B	GH0XI072494|GH0XI072526|GH0XI072554|GH0XI072571|GH0XI072576	GH0XI072476|GH0XI072619|GH0XI072634|GH0XI072416
pX.95	chrX	73019000	73161000	5.94059405940594	6	DEL(83.33%)|INV(16.67%)	PABPC1L2A|LOC101928380|NAP1L6	PABPC1L2B|RP11-493K23.4|NAP1L2|FAM226A	GH0XI073079|GH0XI073128	GH0XI073003|GH0XI073213|GH0XI072943|GH0XI072889
pX.96	chrX	77157000	77356000	6.93069306930693	7	INV(100%)		FGF16|LOC101928469|ATRX|MIR325	GH0XI077354	GH0XI077422|GH0XI077087|GH0XI077431|GH0XI077442
pX.97	chrX	85907000	86011000	5.94059405940594	6	INV(100%)	CHM	MIR361|MIR1321|DACH2|POF1B	GH0XI085910|GH0XI085922|GH0XI085992|GH0XI085996|GH0XI086001	GH0XI085901|GH0XI085897|GH0XI086023|GH0XI086025
pX.98	chrX	85998000	86106000	6.93069306930693	7	DEL(14.29%)|DUP(14.29%)|INV(71.43%)	CHM	DACH2|MIR361|MIR1321|POF1B	GH0XI086001|GH0XI086023|GH0XI086025|GH0XI086039|GH0XI086046|GH0XI086084|GH0XI086086	GH0XI085996|GH0XI085992|GH0XI086147|GH0XI086149
pX.99	chrX	89104000	89307000	28.7128712871287	29	BND(27.59%)|DEL(51.72%)|DUP(17.24%)|INV(3.448%)		LOC102724150|CPXCR1|TGIF2LX|KLHL4		GH0XI088999|GH0XI088994|GH0XI088991|GH0XI088989
pX.100	chrX	89385000	89583000	7.92079207920792	9	BND(77.78%)|DEL(22.22%)|DUP(11.11%)|INV(22.22%)	LOC102724150	TGIF2LX|CPXCR1|KLHL4|LOC102724167	GH0XI089432	GH0XI089704|GH0XI089709|GH0XI089710|GH0XI089921
pX.101	chrX	90674000	90873000	5.94059405940594	6	BND(100%)		LOC102724167|PABPC5|TGIF2LX|PCDH11X		GH0XI090457|GH0XI090190|GH0XI090189|GH0XI090186
pX.102	chrX	95452000	95651000	6.93069306930693	7	DEL(85.71%)|INV(14.29%)		MIR548M|LOC643486|DIAPH2|RPA4		GH0XI095382|GH0XI095764|GH0XI095885|GH0XI095884
pX.103	chrX	129405000	129531000	5.94059405940594	6	DEL(66.67%)|INV(33.33%)	SMARCA1	OCRL|APLN|XPNPEP2|SASH3	GH0XI129510|GH0XI129519|GH0XI129521	GH0XI129539|GH0XI129360|GH0XI129577|GH0XI129592
pX.104	chrX	131367000	131567000	6.93069306930693	7	INV(100%)	OR13H1|LOC102723546	IGSF1|FIRRE|ARHGAP36|MST4	GH0XI131476|GH0XI131544|GH0XI131564|GH0XI131566	GH0XI131577|GH0XI131579|GH0XI131587|GH0XI131288
pX.105	chrX	136776000	136979000	12.8712871287129	14	DEL(92.86%)|INV(14.29%)	LOC101928747|SNORD61|RBMX|ARHGEF6	GPR101|CD40LG|LINC00892|VGLL1	GH0XI136778|GH0XI136835|GH0XI136850|GH0XI136856|GH0XI136858|GH0XI136878|GH0XI136884|GH0XI136885|GH0XI136898|GH0XI136908|GH0XI136925|GH0XI136931|GH0XI136935	GH0XI136764|GH0XI136759|GH0XI136752|GH0XI136749
pY.1	chrY	3041000	3240000	6.93069306930693	7	BND(100%)	LINC00278	ZFY|RPS4Y1|SRY|XGPY2		
pY.2	chrY	4256000	4455000	6.93069306930693	7	BND(100%)		PCDH11Y|TGIF2LY|LOC101928634|LINC00278		
pY.3	chrY	6435000	6633000	7.92079207920792	8	BND(100%)	TTTY21B|TTTY7|TTTY8B	TTTY2B|TTTY1B|TSPY2|TTTY23B		
