chrX	163000	348000	pX.1	1	13.8613861386139	chrX	433802	441344	LOC102723840	1000	+	85803	nearby
chrX	163000	348000	pX.1	1	13.8613861386139	chrX	624343	659411	SHOX	1000	+	276344	nearby
chrX	163000	348000	pX.1	1	13.8613861386139	chrX	1187537	1212636	CRLF2	1000	-	839538	nearby
chrX	163000	348000	pX.1	1	13.8613861386139	chrX	1264831	1322871	CSF2RA	1000	+	916832	nearby
chrX	264000	382000	pX.2	2	16.8316831683168	chrX	433802	441344	LOC102723840	1000	+	51803	nearby
chrX	264000	382000	pX.2	2	16.8316831683168	chrX	624343	659411	SHOX	1000	+	242344	nearby
chrX	264000	382000	pX.2	2	16.8316831683168	chrX	1187537	1212636	CRLF2	1000	-	805538	nearby
chrX	264000	382000	pX.2	2	16.8316831683168	chrX	1264831	1322871	CSF2RA	1000	+	882832	nearby
chrX	308000	612000	pX.3	3	21.7821782178218	chrX	276323	303356	PLCXD1	1000	+	-4645	nearby
chrX	308000	612000	pX.3	3	21.7821782178218	chrX	624343	659411	SHOX	1000	+	12344	nearby
chrX	308000	612000	pX.3	3	21.7821782178218	chrX	1187537	1212636	CRLF2	1000	-	575538	nearby
chrX	308000	612000	pX.3	3	21.7821782178218	chrX	1264831	1322871	CSF2RA	1000	+	652832	nearby
chrX	517000	617000	pX.4	4	7.92079207920792	chrX	624343	659411	SHOX	1000	+	7344	nearby
chrX	517000	617000	pX.4	4	7.92079207920792	chrX	433802	441344	LOC102723840	1000	+	-75657	nearby
chrX	517000	617000	pX.4	4	7.92079207920792	chrX	333932	386955	PPP2R3B	1000	-	-130046	nearby
chrX	517000	617000	pX.4	4	7.92079207920792	chrX	319144	321332	LINC00685	1000	+	-195669	nearby
chrX	527000	658000	pX.5	5	8.91089108910891	chrX	433802	441344	LOC102723840	1000	+	-85657	nearby
chrX	527000	658000	pX.5	5	8.91089108910891	chrX	333932	386955	PPP2R3B	1000	-	-140046	nearby
chrX	527000	658000	pX.5	5	8.91089108910891	chrX	319144	321332	LINC00685	1000	+	-205669	nearby
chrX	527000	658000	pX.5	5	8.91089108910891	chrX	304749	318787	GTPBP6	1000	-	-208214	nearby
chrX	638000	755000	pX.6	6	6.93069306930693	chrX	433802	441344	LOC102723840	1000	+	-196657	nearby
chrX	638000	755000	pX.6	6	6.93069306930693	chrX	333932	386955	PPP2R3B	1000	-	-251046	nearby
chrX	638000	755000	pX.6	6	6.93069306930693	chrX	319144	321332	LINC00685	1000	+	-316669	nearby
chrX	638000	755000	pX.6	6	6.93069306930693	chrX	304749	318787	GTPBP6	1000	-	-319214	nearby
chrX	666000	837000	pX.7	7	9.9009900990099	chrX	624343	659411	SHOX	1000	+	-6590	nearby
chrX	666000	837000	pX.7	7	9.9009900990099	chrX	433802	441344	LOC102723840	1000	+	-224657	nearby
chrX	666000	837000	pX.7	7	9.9009900990099	chrX	333932	386955	PPP2R3B	1000	-	-279046	nearby
chrX	666000	837000	pX.7	7	9.9009900990099	chrX	319144	321332	LINC00685	1000	+	-344669	nearby
chrX	818000	1085000	pX.8	8	9.9009900990099	chrX	1187537	1212636	CRLF2	1000	-	102538	nearby
chrX	818000	1085000	pX.8	8	9.9009900990099	chrX	624343	659411	SHOX	1000	+	-158590	nearby
chrX	818000	1085000	pX.8	8	9.9009900990099	chrX	1264831	1322871	CSF2RA	1000	+	179832	nearby
chrX	818000	1085000	pX.8	8	9.9009900990099	chrX	1293917	1293992	MIR3690	1000	+	208918	nearby
chrX	1002000	1113000	pX.9	9	6.93069306930693	chrX	1187537	1212636	CRLF2	1000	-	74538	nearby
chrX	1002000	1113000	pX.9	9	6.93069306930693	chrX	1264831	1322871	CSF2RA	1000	+	151832	nearby
chrX	1002000	1113000	pX.9	9	6.93069306930693	chrX	1293917	1293992	MIR3690	1000	+	180918	nearby
chrX	1002000	1113000	pX.9	9	6.93069306930693	chrX	1336600	1382689	IL3RA	1000	+	223601	nearby
chrX	1044000	1236000	pX.10	10	9.9009900990099	chrX	1264831	1322871	CSF2RA	1000	+	28832	nearby
chrX	1044000	1236000	pX.10	10	9.9009900990099	chrX	1293917	1293992	MIR3690	1000	+	57918	nearby
chrX	1044000	1236000	pX.10	10	9.9009900990099	chrX	1336600	1382689	IL3RA	1000	+	100601	nearby
chrX	1044000	1236000	pX.10	10	9.9009900990099	chrX	1352688	1382392	LOC101928055	1000	-	116689	nearby
chrX	1141000	1398000	pX.11	11	14.8514851485149	chrX	1400530	1415421	ASMTL-AS1	1000	+	2531	nearby
chrX	1141000	1398000	pX.11	11	14.8514851485149	chrX	1403138	1453794	ASMTL	1000	-	5139	nearby
chrX	1141000	1398000	pX.11	11	14.8514851485149	chrX	1462571	1537144	P2RY8	1000	-	64572	nearby
chrX	1141000	1398000	pX.11	11	14.8514851485149	chrX	1591592	1602520	AKAP17A	1000	+	193593	nearby
chrX	1482000	1589000	pX.12	12	5.94059405940594	chrX	1591592	1602520	AKAP17A	1000	+	2593	nearby
chrX	1482000	1589000	pX.12	12	5.94059405940594	chrX	1595454	1643081	ASMT	1000	+	6455	nearby
chrX	1482000	1589000	pX.12	12	5.94059405940594	chrX	1403138	1453794	ASMTL	1000	-	-28207	nearby
chrX	1482000	1589000	pX.12	12	5.94059405940594	chrX	1400530	1415421	ASMTL-AS1	1000	+	-66580	nearby
chrX	1541000	1740000	pX.13	13	9.9009900990099	chrX	1462571	1537144	P2RY8	1000	-	-3857	nearby
chrX	1541000	1740000	pX.13	13	9.9009900990099	chrX	1403138	1453794	ASMTL	1000	-	-87207	nearby
chrX	1541000	1740000	pX.13	13	9.9009900990099	chrX	1400530	1415421	ASMTL-AS1	1000	+	-125580	nearby
chrX	1541000	1740000	pX.13	13	9.9009900990099	chrX	1386151	1392146	SLC25A6	1000	-	-148855	nearby
chrX	1718000	1926000	pX.14	14	13.8613861386139	chrX	1595454	1643081	ASMT	1000	+	-74920	nearby
chrX	1718000	1926000	pX.14	14	13.8613861386139	chrX	1591592	1602520	AKAP17A	1000	+	-115481	nearby
chrX	1718000	1926000	pX.14	14	13.8613861386139	chrX	1462571	1537144	P2RY8	1000	-	-180857	nearby
chrX	1718000	1926000	pX.14	14	13.8613861386139	chrX	1403138	1453794	ASMTL	1000	-	-264207	nearby
chrX	2098000	2297000	pX.15	15	16.8316831683168	chrX	2321886	2337998	LOC101928070	1000	+	24887	nearby
chrX	2098000	2297000	pX.15	15	16.8316831683168	chrX	2486413	2500967	ZBED1	1000	-	189414	nearby
chrX	2098000	2297000	pX.15	15	16.8316831683168	chrX	2566026	2609164	LOC101928092	1000	-	269027	nearby
chrX	2098000	2297000	pX.15	15	16.8316831683168	chrX	2609190	2609254	MIR6089-1	1000	+	312191	nearby
chrX	16083000	16283000	pX.16	16	9.9009900990099	chrX	15825805	15855014	AP1S2	1000	-	-227987	nearby
chrX	16083000	16283000	pX.16	16	9.9009900990099	chrX	15790450	15823260	ZRSR2	1000	+	-259741	nearby
chrX	16083000	16283000	pX.16	16	9.9009900990099	chrX	15738288	15787625	CA5B	1000	+	-295376	nearby
chrX	16083000	16283000	pX.16	16	9.9009900990099	chrX	15785715	15787589	INE2	1000	-	-295412	nearby
chrX	25311000	25417000	pX.17	17	5.94059405940594	chrX	25003693	25015948	ARX	1000	-	-295053	nearby
chrX	25311000	25417000	pX.17	17	5.94059405940594	chrX	24693920	24996986	POLA1	1000	+	-314015	nearby
chrX	25311000	25417000	pX.17	17	5.94059405940594	chrX	24744440	24744570	SCARNA23	1000	+	-566431	nearby
chrX	25311000	25417000	pX.17	17	5.94059405940594	chrX	24558086	24672862	PCYT1B	1000	-	-638139	nearby
chrX	30354000	30554000	pX.18	18	6.93069306930693	chrX	30558823	30577916	CXorf21	1000	-	4824	nearby
chrX	30354000	30554000	pX.18	18	6.93069306930693	chrX	30304421	30309378	NR0B1	1000	-	-44623	nearby
chrX	30354000	30554000	pX.18	18	6.93069306930693	chrX	30653358	30731462	GK	1000	+	99359	nearby
chrX	30354000	30554000	pX.18	18	6.93069306930693	chrX	30243730	30252038	MAGEB1	1000	+	-101963	nearby
chrX	30503000	30702000	pX.19	19	6.93069306930693	chrX	30827441	30889394	TAB3	1000	-	125442	nearby
chrX	30503000	30702000	pX.19	19	6.93069306930693	chrX	30304421	30309378	NR0B1	1000	-	-193623	nearby
chrX	30503000	30702000	pX.19	19	6.93069306930693	chrX	30243730	30252038	MAGEB1	1000	+	-250963	nearby
chrX	30503000	30702000	pX.19	19	6.93069306930693	chrX	30241939	30244193	MAGEB4	1000	+	-258808	nearby
chrX	32372000	32493000	pX.20	20	5.94059405940594	chrX	32583655	32583752	MIR3915	1000	-	90656	nearby
chrX	32372000	32493000	pX.20	20	5.94059405940594	chrX	32641473	32641559	MIR548F5	1000	-	148474	nearby
chrX	32372000	32493000	pX.20	20	5.94059405940594	chrX	31071240	31072053	FTHL17	1000	-	-1299948	nearby
chrX	32372000	32493000	pX.20	20	5.94059405940594	chrX	30827441	30889394	TAB3	1000	-	-1482607	nearby
chrX	34720000	34920000	pX.21	21	5.94059405940594	chrX	34942795	34944917	FAM47B	1000	+	22796	nearby
chrX	34720000	34920000	pX.21	21	5.94059405940594	chrX	34627063	34657288	TMEM47	1000	-	-62713	nearby
chrX	34720000	34920000	pX.21	21	5.94059405940594	chrX	34129751	34132330	FAM47A	1000	-	-587671	nearby
chrX	34720000	34920000	pX.21	21	5.94059405940594	chrX	35798341	35803735	MAGEB16	1000	+	878342	nearby
chrX	40112000	40261000	pX.22	22	5.94059405940594	chrX	40262883	40287721	RP11-320G24.1	1000	+	1884	nearby
chrX	40112000	40261000	pX.22	22	5.94059405940594	chrX	39837560	39837613	MIR1587	1000	+	-274388	nearby
chrX	40112000	40261000	pX.22	22	5.94059405940594	chrX	40580963	40606637	ATP6AP2	1000	+	319964	nearby
chrX	40112000	40261000	pX.22	22	5.94059405940594	chrX	40623565	40624139	MPC1L	1000	+	362566	nearby
chrX	44987000	45109000	pX.23	23	5.94059405940594	chrX	45148372	45200901	CXorf36	1000	-	39373	nearby
chrX	44987000	45109000	pX.23	23	5.94059405940594	chrX	44844002	44844888	DUSP21	1000	+	-142113	nearby
chrX	44987000	45109000	pX.23	23	5.94059405940594	chrX	45505387	45527239	RP11-245M24.1	1000	+	396388	nearby
chrX	44987000	45109000	pX.23	23	5.94059405940594	chrX	44523638	44542975	FUNDC1	1000	-	-444026	nearby
chrX	48573000	48773000	pX.24	24	17.8217821782178	chrX	48539686	48562609	TBC1D25	1000	+	-10392	nearby
chrX	48573000	48773000	pX.24	24	17.8217821782178	chrX	48786573	48794311	GATA1	1000	+	13574	nearby
chrX	48573000	48773000	pX.24	24	17.8217821782178	chrX	48801678	48824976	HDAC6	1000	+	28679	nearby
chrX	48573000	48773000	pX.24	24	17.8217821782178	chrX	48521775	48528716	EBP	1000	+	-44285	nearby
chrX	56913000	57112000	pX.25	25	7.92079207920792	chrX	57119681	57121556	SPIN2B	1000	-	7682	nearby
chrX	56913000	57112000	pX.25	25	7.92079207920792	chrX	57135641	57137625	SPIN2A	1000	-	23642	nearby
chrX	56913000	57112000	pX.25	25	7.92079207920792	chrX	56729284	56817571	LOC550643	1000	+	-95430	nearby
chrX	56913000	57112000	pX.25	25	7.92079207920792	chrX	57286577	57489196	FAAH2	1000	+	174578	nearby
chrX	62416000	62566000	pX.26	26	8.91089108910891	chrX	63347227	63351339	SPIN4	1000	-	781228	nearby
chrX	62416000	62566000	pX.26	26	8.91089108910891	chrX	63426558	63560993	LOC92249	1000	-	860559	nearby
chrX	62416000	62566000	pX.26	26	8.91089108910891	chrX	63634966	63785546	ARHGEF9	1000	-	1068967	nearby
chrX	62416000	62566000	pX.26	26	8.91089108910891	chrX	63786001	63786087	MIR1468	1000	-	1220002	nearby
chrX	62589000	62744000	pX.27	27	6.93069306930693	chrX	63347227	63351339	SPIN4	1000	-	603228	nearby
chrX	62589000	62744000	pX.27	27	6.93069306930693	chrX	63426558	63560993	LOC92249	1000	-	682559	nearby
chrX	62589000	62744000	pX.27	27	6.93069306930693	chrX	63634966	63785546	ARHGEF9	1000	-	890967	nearby
chrX	62589000	62744000	pX.27	27	6.93069306930693	chrX	63786001	63786087	MIR1468	1000	-	1042002	nearby
chrX	62665000	62774000	pX.28	28	5.94059405940594	chrX	63347227	63351339	SPIN4	1000	-	573228	nearby
chrX	62665000	62774000	pX.28	28	5.94059405940594	chrX	63426558	63560993	LOC92249	1000	-	652559	nearby
chrX	62665000	62774000	pX.28	28	5.94059405940594	chrX	63634966	63785546	ARHGEF9	1000	-	860967	nearby
chrX	62665000	62774000	pX.28	28	5.94059405940594	chrX	63786001	63786087	MIR1468	1000	-	1012002	nearby
chrX	63732000	63893000	pX.29	29	6.93069306930693	chrX	63426558	63560993	LOC92249	1000	-	-171008	nearby
chrX	63732000	63893000	pX.29	29	6.93069306930693	chrX	64185116	64205744	AMER1	1000	-	292117	nearby
chrX	63732000	63893000	pX.29	29	6.93069306930693	chrX	64224191	64230631	ASB12	1000	-	331192	nearby
chrX	63732000	63893000	pX.29	29	6.93069306930693	chrX	64268080	64395453	MTMR8	1000	-	375081	nearby
chrX	64116000	64238000	pX.30	30	5.94059405940594	chrX	64268080	64395453	MTMR8	1000	-	30081	nearby
chrX	64116000	64238000	pX.30	30	5.94059405940594	chrX	63786001	63786087	MIR1468	1000	-	-329914	nearby
chrX	64116000	64238000	pX.30	30	5.94059405940594	chrX	63634966	63785546	ARHGEF9	1000	-	-330455	nearby
chrX	64116000	64238000	pX.30	30	5.94059405940594	chrX	63426558	63560993	LOC92249	1000	-	-555008	nearby
chrX	64375000	64478000	pX.31	31	5.94059405940594	chrX	64224191	64230631	ASB12	1000	-	-144370	nearby
chrX	64375000	64478000	pX.31	31	5.94059405940594	chrX	64185116	64205744	AMER1	1000	-	-169257	nearby
chrX	64375000	64478000	pX.31	31	5.94059405940594	chrX	64915801	65034744	ZC4H2	1000	-	437802	nearby
chrX	64375000	64478000	pX.31	31	5.94059405940594	chrX	63786001	63786087	MIR1468	1000	-	-588914	nearby
chrX	64703000	64823000	pX.32	32	5.94059405940594	chrX	64915801	65034744	ZC4H2	1000	-	92802	nearby
chrX	64703000	64823000	pX.32	32	5.94059405940594	chrX	64268080	64395453	MTMR8	1000	-	-307548	nearby
chrX	64703000	64823000	pX.32	32	5.94059405940594	chrX	64224191	64230631	ASB12	1000	-	-472370	nearby
chrX	64703000	64823000	pX.32	32	5.94059405940594	chrX	64185116	64205744	AMER1	1000	-	-497257	nearby
chrX	64725000	64834000	pX.33	33	5.94059405940594	chrX	64915801	65034744	ZC4H2	1000	-	81802	nearby
chrX	64725000	64834000	pX.33	33	5.94059405940594	chrX	64268080	64395453	MTMR8	1000	-	-329548	nearby
chrX	64725000	64834000	pX.33	33	5.94059405940594	chrX	64224191	64230631	ASB12	1000	-	-494370	nearby
chrX	64725000	64834000	pX.33	33	5.94059405940594	chrX	64185116	64205744	AMER1	1000	-	-519257	nearby
chrX	64740000	64994000	pX.34	34	10.8910891089109	chrX	64268080	64395453	MTMR8	1000	-	-344548	nearby
chrX	64740000	64994000	pX.34	34	10.8910891089109	chrX	65488177	65507887	ZC3H12B	1000	+	494178	nearby
chrX	64740000	64994000	pX.34	34	10.8910891089109	chrX	64224191	64230631	ASB12	1000	-	-509370	nearby
chrX	64740000	64994000	pX.34	34	10.8910891089109	chrX	65512581	65534806	LAS1L	1000	-	518582	nearby
chrX	64906000	65075000	pX.35	35	7.92079207920792	chrX	65488177	65507887	ZC3H12B	1000	+	413178	nearby
chrX	64906000	65075000	pX.35	35	7.92079207920792	chrX	65512581	65534806	LAS1L	1000	-	437582	nearby
chrX	64906000	65075000	pX.35	35	7.92079207920792	chrX	65550621	65552421	FRMD8P1	1000	-	475622	nearby
chrX	64906000	65075000	pX.35	35	7.92079207920792	chrX	64268080	64395453	MTMR8	1000	-	-510548	nearby
chrX	65008000	65113000	pX.36	36	5.94059405940594	chrX	65488177	65507887	ZC3H12B	1000	+	375178	nearby
chrX	65008000	65113000	pX.36	36	5.94059405940594	chrX	65512581	65534806	LAS1L	1000	-	399582	nearby
chrX	65008000	65113000	pX.36	36	5.94059405940594	chrX	65550621	65552421	FRMD8P1	1000	-	437622	nearby
chrX	65008000	65113000	pX.36	36	5.94059405940594	chrX	65588376	65741931	MSN	1000	+	475377	nearby
chrX	65061000	65207000	pX.37	37	6.93069306930693	chrX	64915801	65034744	ZC4H2	1000	-	-26257	nearby
chrX	65061000	65207000	pX.37	37	6.93069306930693	chrX	65488177	65507887	ZC3H12B	1000	+	281178	nearby
chrX	65061000	65207000	pX.37	37	6.93069306930693	chrX	65512581	65534806	LAS1L	1000	-	305582	nearby
chrX	65061000	65207000	pX.37	37	6.93069306930693	chrX	65550621	65552421	FRMD8P1	1000	-	343622	nearby
chrX	65112000	65247000	pX.38	38	5.94059405940594	chrX	64915801	65034744	ZC4H2	1000	-	-77257	nearby
chrX	65112000	65247000	pX.38	38	5.94059405940594	chrX	65488177	65507887	ZC3H12B	1000	+	241178	nearby
chrX	65112000	65247000	pX.38	38	5.94059405940594	chrX	65512581	65534806	LAS1L	1000	-	265582	nearby
chrX	65112000	65247000	pX.38	38	5.94059405940594	chrX	65550621	65552421	FRMD8P1	1000	-	303622	nearby
chrX	65358000	65574000	pX.39	39	10.8910891089109	chrX	65588376	65741931	MSN	1000	+	14377	nearby
chrX	65358000	65574000	pX.39	39	10.8910891089109	chrX	64915801	65034744	ZC4H2	1000	-	-323257	nearby
chrX	65358000	65574000	pX.39	39	10.8910891089109	chrX	66018869	66018979	MIR223	1000	+	444870	nearby
chrX	65358000	65574000	pX.39	39	10.8910891089109	chrX	66021737	66040125	VSIG4	1000	-	447738	nearby
chrX	65484000	65594000	pX.40	40	6.93069306930693	chrX	66018869	66018979	MIR223	1000	+	424870	nearby
chrX	65484000	65594000	pX.40	40	6.93069306930693	chrX	66021737	66040125	VSIG4	1000	-	427738	nearby
chrX	65484000	65594000	pX.40	40	6.93069306930693	chrX	64915801	65034744	ZC4H2	1000	-	-449257	nearby
chrX	65484000	65594000	pX.40	40	6.93069306930693	chrX	66162548	66267389	HEPH	1000	+	568549	nearby
chrX	65516000	65617000	pX.41	41	6.93069306930693	chrX	65488177	65507887	ZC3H12B	1000	+	-8114	nearby
chrX	65516000	65617000	pX.41	41	6.93069306930693	chrX	66018869	66018979	MIR223	1000	+	401870	nearby
chrX	65516000	65617000	pX.41	41	6.93069306930693	chrX	66021737	66040125	VSIG4	1000	-	404738	nearby
chrX	65516000	65617000	pX.41	41	6.93069306930693	chrX	64915801	65034744	ZC4H2	1000	-	-481257	nearby
chrX	65524000	65624000	pX.42	42	6.93069306930693	chrX	65488177	65507887	ZC3H12B	1000	+	-16114	nearby
chrX	65524000	65624000	pX.42	42	6.93069306930693	chrX	66018869	66018979	MIR223	1000	+	394870	nearby
chrX	65524000	65624000	pX.42	42	6.93069306930693	chrX	66021737	66040125	VSIG4	1000	-	397738	nearby
chrX	65524000	65624000	pX.42	42	6.93069306930693	chrX	64915801	65034744	ZC4H2	1000	-	-489257	nearby
chrX	65527000	65627000	pX.43	43	6.93069306930693	chrX	65488177	65507887	ZC3H12B	1000	+	-19114	nearby
chrX	65527000	65627000	pX.43	43	6.93069306930693	chrX	66018869	66018979	MIR223	1000	+	391870	nearby
chrX	65527000	65627000	pX.43	43	6.93069306930693	chrX	66021737	66040125	VSIG4	1000	-	394738	nearby
chrX	65527000	65627000	pX.43	43	6.93069306930693	chrX	64915801	65034744	ZC4H2	1000	-	-492257	nearby
chrX	65534000	65733000	pX.44	44	9.9009900990099	chrX	65488177	65507887	ZC3H12B	1000	+	-26114	nearby
chrX	65534000	65733000	pX.44	44	9.9009900990099	chrX	66018869	66018979	MIR223	1000	+	285870	nearby
chrX	65534000	65733000	pX.44	44	9.9009900990099	chrX	66021737	66040125	VSIG4	1000	-	288738	nearby
chrX	65534000	65733000	pX.44	44	9.9009900990099	chrX	66162548	66267389	HEPH	1000	+	429549	nearby
chrX	65645000	65844000	pX.45	45	7.92079207920792	chrX	65550621	65552421	FRMD8P1	1000	-	-92580	nearby
chrX	65645000	65844000	pX.45	45	7.92079207920792	chrX	65512581	65534806	LAS1L	1000	-	-110195	nearby
chrX	65645000	65844000	pX.45	45	7.92079207920792	chrX	65488177	65507887	ZC3H12B	1000	+	-137114	nearby
chrX	65645000	65844000	pX.45	45	7.92079207920792	chrX	66018869	66018979	MIR223	1000	+	174870	nearby
chrX	65815000	65990000	pX.46	46	6.93069306930693	chrX	66018869	66018979	MIR223	1000	+	28870	nearby
chrX	65815000	65990000	pX.46	46	6.93069306930693	chrX	66021737	66040125	VSIG4	1000	-	31738	nearby
chrX	65815000	65990000	pX.46	46	6.93069306930693	chrX	65588376	65741931	MSN	1000	+	-73070	nearby
chrX	65815000	65990000	pX.46	46	6.93069306930693	chrX	66162548	66267389	HEPH	1000	+	172549	nearby
chrX	65912000	66015000	pX.47	47	6.93069306930693	chrX	66018869	66018979	MIR223	1000	+	3870	nearby
chrX	65912000	66015000	pX.47	47	6.93069306930693	chrX	66021737	66040125	VSIG4	1000	-	6738	nearby
chrX	65912000	66015000	pX.47	47	6.93069306930693	chrX	66162548	66267389	HEPH	1000	+	147549	nearby
chrX	65912000	66015000	pX.47	47	6.93069306930693	chrX	65588376	65741931	MSN	1000	+	-170070	nearby
chrX	65932000	66133000	pX.48	48	11.8811881188119	chrX	66162548	66267389	HEPH	1000	+	29549	nearby
chrX	65932000	66133000	pX.48	48	11.8811881188119	chrX	65588376	65741931	MSN	1000	+	-190070	nearby
chrX	65932000	66133000	pX.48	48	11.8811881188119	chrX	65550621	65552421	FRMD8P1	1000	-	-379580	nearby
chrX	65932000	66133000	pX.48	48	11.8811881188119	chrX	65512581	65534806	LAS1L	1000	-	-397195	nearby
chrX	66044000	66176000	pX.49	49	13.8613861386139	chrX	66021737	66040125	VSIG4	1000	-	-3876	nearby
chrX	66044000	66176000	pX.49	49	13.8613861386139	chrX	66018869	66018979	MIR223	1000	+	-25022	nearby
chrX	66044000	66176000	pX.49	49	13.8613861386139	chrX	65588376	65741931	MSN	1000	+	-302070	nearby
chrX	66044000	66176000	pX.49	49	13.8613861386139	chrX	66595636	66639298	EDA2R	1000	-	419637	nearby
chrX	66078000	66243000	pX.50	50	11.8811881188119	chrX	66021737	66040125	VSIG4	1000	-	-37876	nearby
chrX	66078000	66243000	pX.50	50	11.8811881188119	chrX	66018869	66018979	MIR223	1000	+	-59022	nearby
chrX	66078000	66243000	pX.50	50	11.8811881188119	chrX	65588376	65741931	MSN	1000	+	-336070	nearby
chrX	66078000	66243000	pX.50	50	11.8811881188119	chrX	66595636	66639298	EDA2R	1000	-	352637	nearby
chrX	66175000	66277000	pX.51	51	9.9009900990099	chrX	66021737	66040125	VSIG4	1000	-	-134876	nearby
chrX	66175000	66277000	pX.51	51	9.9009900990099	chrX	66018869	66018979	MIR223	1000	+	-156022	nearby
chrX	66175000	66277000	pX.51	51	9.9009900990099	chrX	66595636	66639298	EDA2R	1000	-	318637	nearby
chrX	66175000	66277000	pX.51	51	9.9009900990099	chrX	65588376	65741931	MSN	1000	+	-433070	nearby
chrX	66186000	66288000	pX.52	52	9.9009900990099	chrX	66021737	66040125	VSIG4	1000	-	-145876	nearby
chrX	66186000	66288000	pX.52	52	9.9009900990099	chrX	66018869	66018979	MIR223	1000	+	-167022	nearby
chrX	66186000	66288000	pX.52	52	9.9009900990099	chrX	66595636	66639298	EDA2R	1000	-	307637	nearby
chrX	66186000	66288000	pX.52	52	9.9009900990099	chrX	65588376	65741931	MSN	1000	+	-444070	nearby
chrX	66222000	66425000	pX.53	53	13.8613861386139	chrX	66595636	66639298	EDA2R	1000	-	170637	nearby
chrX	66222000	66425000	pX.53	53	13.8613861386139	chrX	66021737	66040125	VSIG4	1000	-	-181876	nearby
chrX	66222000	66425000	pX.53	53	13.8613861386139	chrX	66018869	66018979	MIR223	1000	+	-203022	nearby
chrX	66222000	66425000	pX.53	53	13.8613861386139	chrX	65588376	65741931	MSN	1000	+	-480070	nearby
chrX	66350000	66610000	pX.54	54	13.8613861386139	chrX	66162548	66267389	HEPH	1000	+	-82612	nearby
chrX	66350000	66610000	pX.54	54	13.8613861386139	chrX	66021737	66040125	VSIG4	1000	-	-309876	nearby
chrX	66350000	66610000	pX.54	54	13.8613861386139	chrX	66018869	66018979	MIR223	1000	+	-331022	nearby
chrX	66350000	66610000	pX.54	54	13.8613861386139	chrX	65588376	65741931	MSN	1000	+	-608070	nearby
chrX	66602000	66817000	pX.55	55	29.7029702970297	chrX	66162548	66267389	HEPH	1000	+	-334612	nearby
chrX	66602000	66817000	pX.55	55	29.7029702970297	chrX	66021737	66040125	VSIG4	1000	-	-561876	nearby
chrX	66602000	66817000	pX.55	55	29.7029702970297	chrX	66018869	66018979	MIR223	1000	+	-583022	nearby
chrX	66602000	66817000	pX.55	55	29.7029702970297	chrX	67544031	67730619	AR	1000	+	727032	nearby
chrX	66771000	66884000	pX.56	56	41.5841584158416	chrX	66595636	66639298	EDA2R	1000	-	-131703	nearby
chrX	66771000	66884000	pX.56	56	41.5841584158416	chrX	66162548	66267389	HEPH	1000	+	-503612	nearby
chrX	66771000	66884000	pX.56	56	41.5841584158416	chrX	67544031	67730619	AR	1000	+	660032	nearby
chrX	66771000	66884000	pX.56	56	41.5841584158416	chrX	66021737	66040125	VSIG4	1000	-	-730876	nearby
chrX	66790000	66915000	pX.57	57	44.5544554455446	chrX	66595636	66639298	EDA2R	1000	-	-150703	nearby
chrX	66790000	66915000	pX.57	57	44.5544554455446	chrX	66162548	66267389	HEPH	1000	+	-522612	nearby
chrX	66790000	66915000	pX.57	57	44.5544554455446	chrX	67544031	67730619	AR	1000	+	629032	nearby
chrX	66790000	66915000	pX.57	57	44.5544554455446	chrX	66021737	66040125	VSIG4	1000	-	-749876	nearby
chrX	66831000	66933000	pX.58	58	40.5940594059406	chrX	66595636	66639298	EDA2R	1000	-	-191703	nearby
chrX	66831000	66933000	pX.58	58	40.5940594059406	chrX	66162548	66267389	HEPH	1000	+	-563612	nearby
chrX	66831000	66933000	pX.58	58	40.5940594059406	chrX	67544031	67730619	AR	1000	+	611032	nearby
chrX	66831000	66933000	pX.58	58	40.5940594059406	chrX	66021737	66040125	VSIG4	1000	-	-790876	nearby
chrX	66917000	67117000	pX.59	59	34.6534653465347	chrX	66595636	66639298	EDA2R	1000	-	-277703	nearby
chrX	66917000	67117000	pX.59	59	34.6534653465347	chrX	67544031	67730619	AR	1000	+	427032	nearby
chrX	66917000	67117000	pX.59	59	34.6534653465347	chrX	66162548	66267389	HEPH	1000	+	-649612	nearby
chrX	66917000	67117000	pX.59	59	34.6534653465347	chrX	66021737	66040125	VSIG4	1000	-	-876876	nearby
chrX	67025000	67141000	pX.60	60	15.8415841584158	chrX	66595636	66639298	EDA2R	1000	-	-385703	nearby
chrX	67025000	67141000	pX.60	60	15.8415841584158	chrX	67544031	67730619	AR	1000	+	403032	nearby
chrX	67025000	67141000	pX.60	60	15.8415841584158	chrX	66162548	66267389	HEPH	1000	+	-757612	nearby
chrX	67025000	67141000	pX.60	60	15.8415841584158	chrX	68042343	68433647	OPHN1	1000	-	901344	nearby
chrX	67183000	67474000	pX.61	61	16.8316831683168	chrX	67544031	67730619	AR	1000	+	70032	nearby
chrX	67183000	67474000	pX.61	61	16.8316831683168	chrX	66595636	66639298	EDA2R	1000	-	-543703	nearby
chrX	67183000	67474000	pX.61	61	16.8316831683168	chrX	68042343	68433647	OPHN1	1000	-	568344	nearby
chrX	67183000	67474000	pX.61	61	16.8316831683168	chrX	66162548	66267389	HEPH	1000	+	-915612	nearby
chrX	67392000	67498000	pX.62	62	9.9009900990099	chrX	67544031	67730619	AR	1000	+	46032	nearby
chrX	67392000	67498000	pX.62	62	9.9009900990099	chrX	68042343	68433647	OPHN1	1000	-	544344	nearby
chrX	67392000	67498000	pX.62	62	9.9009900990099	chrX	66595636	66639298	EDA2R	1000	-	-752703	nearby
chrX	67392000	67498000	pX.62	62	9.9009900990099	chrX	68498781	68537285	YIPF6	1000	+	1000782	nearby
chrX	67425000	67533000	pX.63	63	8.91089108910891	chrX	67544031	67730619	AR	1000	+	11032	nearby
chrX	67425000	67533000	pX.63	63	8.91089108910891	chrX	68042343	68433647	OPHN1	1000	-	509344	nearby
chrX	67425000	67533000	pX.63	63	8.91089108910891	chrX	66595636	66639298	EDA2R	1000	-	-785703	nearby
chrX	67425000	67533000	pX.63	63	8.91089108910891	chrX	68498781	68537285	YIPF6	1000	+	965782	nearby
chrX	67465000	67565000	pX.64	64	8.91089108910891	chrX	68042343	68433647	OPHN1	1000	-	477344	nearby
chrX	67465000	67565000	pX.64	64	8.91089108910891	chrX	66595636	66639298	EDA2R	1000	-	-825703	nearby
chrX	67465000	67565000	pX.64	64	8.91089108910891	chrX	68498781	68537285	YIPF6	1000	+	933782	nearby
chrX	67465000	67565000	pX.64	64	8.91089108910891	chrX	68647668	68725842	STARD8	1000	+	1082669	nearby
chrX	67477000	67582000	pX.65	65	8.91089108910891	chrX	68042343	68433647	OPHN1	1000	-	460344	nearby
chrX	67477000	67582000	pX.65	65	8.91089108910891	chrX	66595636	66639298	EDA2R	1000	-	-837703	nearby
chrX	67477000	67582000	pX.65	65	8.91089108910891	chrX	68498781	68537285	YIPF6	1000	+	916782	nearby
chrX	67477000	67582000	pX.65	65	8.91089108910891	chrX	68647668	68725842	STARD8	1000	+	1065669	nearby
chrX	67503000	67623000	pX.66	66	10.8910891089109	chrX	68042343	68433647	OPHN1	1000	-	419344	nearby
chrX	67503000	67623000	pX.66	66	10.8910891089109	chrX	66595636	66639298	EDA2R	1000	-	-863703	nearby
chrX	67503000	67623000	pX.66	66	10.8910891089109	chrX	68498781	68537285	YIPF6	1000	+	875782	nearby
chrX	67503000	67623000	pX.66	66	10.8910891089109	chrX	68647668	68725842	STARD8	1000	+	1024669	nearby
chrX	67526000	67705000	pX.67	67	14.8514851485149	chrX	68042343	68433647	OPHN1	1000	-	337344	nearby
chrX	67526000	67705000	pX.67	67	14.8514851485149	chrX	68498781	68537285	YIPF6	1000	+	793782	nearby
chrX	67526000	67705000	pX.67	67	14.8514851485149	chrX	66595636	66639298	EDA2R	1000	-	-886703	nearby
chrX	67526000	67705000	pX.67	67	14.8514851485149	chrX	68647668	68725842	STARD8	1000	+	942669	nearby
chrX	67616000	67755000	pX.68	68	18.8118811881188	chrX	68042343	68433647	OPHN1	1000	-	287344	nearby
chrX	67616000	67755000	pX.68	68	18.8118811881188	chrX	68498781	68537285	YIPF6	1000	+	743782	nearby
chrX	67616000	67755000	pX.68	68	18.8118811881188	chrX	68647668	68725842	STARD8	1000	+	892669	nearby
chrX	67616000	67755000	pX.68	68	18.8118811881188	chrX	66595636	66639298	EDA2R	1000	-	-976703	nearby
chrX	67660000	67917000	pX.69	69	24.7524752475248	chrX	68042343	68433647	OPHN1	1000	-	125344	nearby
chrX	67660000	67917000	pX.69	69	24.7524752475248	chrX	68498781	68537285	YIPF6	1000	+	581782	nearby
chrX	67660000	67917000	pX.69	69	24.7524752475248	chrX	68647668	68725842	STARD8	1000	+	730669	nearby
chrX	67660000	67917000	pX.69	69	24.7524752475248	chrX	68828996	68842164	EFNB1	1000	+	911997	nearby
chrX	67856000	68043000	pX.70	70	15.8415841584158	chrX	67544031	67730619	AR	1000	+	-125382	nearby
chrX	67856000	68043000	pX.70	70	15.8415841584158	chrX	68498781	68537285	YIPF6	1000	+	455782	nearby
chrX	67856000	68043000	pX.70	70	15.8415841584158	chrX	68647668	68725842	STARD8	1000	+	604669	nearby
chrX	67856000	68043000	pX.70	70	15.8415841584158	chrX	68828996	68842164	EFNB1	1000	+	785997	nearby
chrX	67951000	68055000	pX.71	71	12.8712871287129	chrX	67544031	67730619	AR	1000	+	-220382	nearby
chrX	67951000	68055000	pX.71	71	12.8712871287129	chrX	68498781	68537285	YIPF6	1000	+	443782	nearby
chrX	67951000	68055000	pX.71	71	12.8712871287129	chrX	68647668	68725842	STARD8	1000	+	592669	nearby
chrX	67951000	68055000	pX.71	71	12.8712871287129	chrX	68828996	68842164	EFNB1	1000	+	773997	nearby
chrX	68004000	68106000	pX.72	72	12.8712871287129	chrX	67544031	67730619	AR	1000	+	-273382	nearby
chrX	68004000	68106000	pX.72	72	12.8712871287129	chrX	68498781	68537285	YIPF6	1000	+	392782	nearby
chrX	68004000	68106000	pX.72	72	12.8712871287129	chrX	68647668	68725842	STARD8	1000	+	541669	nearby
chrX	68004000	68106000	pX.72	72	12.8712871287129	chrX	68828996	68842164	EFNB1	1000	+	722997	nearby
chrX	68015000	68340000	pX.73	73	19.8019801980198	chrX	68498781	68537285	YIPF6	1000	+	158782	nearby
chrX	68015000	68340000	pX.73	73	19.8019801980198	chrX	67544031	67730619	AR	1000	+	-284382	nearby
chrX	68015000	68340000	pX.73	73	19.8019801980198	chrX	68647668	68725842	STARD8	1000	+	307669	nearby
chrX	68015000	68340000	pX.73	73	19.8019801980198	chrX	68828996	68842164	EFNB1	1000	+	488997	nearby
chrX	68243000	68345000	pX.74	74	7.92079207920792	chrX	68498781	68537285	YIPF6	1000	+	153782	nearby
chrX	68243000	68345000	pX.74	74	7.92079207920792	chrX	68647668	68725842	STARD8	1000	+	302669	nearby
chrX	68243000	68345000	pX.74	74	7.92079207920792	chrX	68828996	68842164	EFNB1	1000	+	483997	nearby
chrX	68243000	68345000	pX.74	74	7.92079207920792	chrX	67544031	67730619	AR	1000	+	-512382	nearby
chrX	68291000	68490000	pX.75	75	11.8811881188119	chrX	68498781	68537285	YIPF6	1000	+	8782	nearby
chrX	68291000	68490000	pX.75	75	11.8811881188119	chrX	68647668	68725842	STARD8	1000	+	157669	nearby
chrX	68291000	68490000	pX.75	75	11.8811881188119	chrX	68828996	68842164	EFNB1	1000	+	338997	nearby
chrX	68291000	68490000	pX.75	75	11.8811881188119	chrX	69031055	69037123	LOC102723911	1000	+	541056	nearby
chrX	68393000	68495000	pX.76	76	6.93069306930693	chrX	68498781	68537285	YIPF6	1000	+	3782	nearby
chrX	68393000	68495000	pX.76	76	6.93069306930693	chrX	68647668	68725842	STARD8	1000	+	152669	nearby
chrX	68393000	68495000	pX.76	76	6.93069306930693	chrX	68828996	68842164	EFNB1	1000	+	333997	nearby
chrX	68393000	68495000	pX.76	76	6.93069306930693	chrX	69031055	69037123	LOC102723911	1000	+	536056	nearby
chrX	68400000	68506000	pX.77	77	6.93069306930693	chrX	68647668	68725842	STARD8	1000	+	141669	nearby
chrX	68400000	68506000	pX.77	77	6.93069306930693	chrX	68828996	68842164	EFNB1	1000	+	322997	nearby
chrX	68400000	68506000	pX.77	77	6.93069306930693	chrX	69031055	69037123	LOC102723911	1000	+	525056	nearby
chrX	68400000	68506000	pX.77	77	6.93069306930693	chrX	69160737	69165522	PJA1	1000	-	654738	nearby
chrX	68423000	68693000	pX.78	78	10.8910891089109	chrX	68828996	68842164	EFNB1	1000	+	135997	nearby
chrX	68423000	68693000	pX.78	78	10.8910891089109	chrX	69031055	69037123	LOC102723911	1000	+	338056	nearby
chrX	68423000	68693000	pX.78	78	10.8910891089109	chrX	69160737	69165522	PJA1	1000	-	467738	nearby
chrX	68423000	68693000	pX.78	78	10.8910891089109	chrX	69179556	69209924	LINC00269	1000	+	486557	nearby
chrX	68805000	68968000	pX.79	79	6.93069306930693	chrX	69031055	69037123	LOC102723911	1000	+	63056	nearby
chrX	68805000	68968000	pX.79	79	6.93069306930693	chrX	68647668	68725842	STARD8	1000	+	-79159	nearby
chrX	68805000	68968000	pX.79	79	6.93069306930693	chrX	69160737	69165522	PJA1	1000	-	192738	nearby
chrX	68805000	68968000	pX.79	79	6.93069306930693	chrX	69179556	69209924	LINC00269	1000	+	211557	nearby
chrX	68881000	68994000	pX.80	80	5.94059405940594	chrX	69031055	69037123	LOC102723911	1000	+	37056	nearby
chrX	68881000	68994000	pX.80	80	5.94059405940594	chrX	68828996	68842164	EFNB1	1000	+	-38837	nearby
chrX	68881000	68994000	pX.80	80	5.94059405940594	chrX	68647668	68725842	STARD8	1000	+	-155159	nearby
chrX	68881000	68994000	pX.80	80	5.94059405940594	chrX	69160737	69165522	PJA1	1000	-	166738	nearby
chrX	68925000	69027000	pX.81	81	5.94059405940594	chrX	69031055	69037123	LOC102723911	1000	+	4056	nearby
chrX	68925000	69027000	pX.81	81	5.94059405940594	chrX	68828996	68842164	EFNB1	1000	+	-82837	nearby
chrX	68925000	69027000	pX.81	81	5.94059405940594	chrX	69160737	69165522	PJA1	1000	-	133738	nearby
chrX	68925000	69027000	pX.81	81	5.94059405940594	chrX	69179556	69209924	LINC00269	1000	+	152557	nearby
chrX	68968000	69085000	pX.82	82	5.94059405940594	chrX	69160737	69165522	PJA1	1000	-	75738	nearby
chrX	68968000	69085000	pX.82	82	5.94059405940594	chrX	69179556	69209924	LINC00269	1000	+	94557	nearby
chrX	68968000	69085000	pX.82	82	5.94059405940594	chrX	68828996	68842164	EFNB1	1000	+	-125837	nearby
chrX	68968000	69085000	pX.82	82	5.94059405940594	chrX	68647668	68725842	STARD8	1000	+	-242159	nearby
chrX	69064000	69344000	pX.83	83	9.9009900990099	chrX	69031055	69037123	LOC102723911	1000	+	-26878	nearby
chrX	69064000	69344000	pX.83	83	9.9009900990099	chrX	69505234	69532508	FAM155B	1000	+	161235	nearby
chrX	69064000	69344000	pX.83	83	9.9009900990099	chrX	68828996	68842164	EFNB1	1000	+	-221837	nearby
chrX	69064000	69344000	pX.83	83	9.9009900990099	chrX	69616066	70039472	EDA	1000	+	272067	nearby
chrX	69262000	69374000	pX.84	84	5.94059405940594	chrX	69179556	69209924	LINC00269	1000	+	-52077	nearby
chrX	69262000	69374000	pX.84	84	5.94059405940594	chrX	69160737	69165522	PJA1	1000	-	-96479	nearby
chrX	69262000	69374000	pX.84	84	5.94059405940594	chrX	69505234	69532508	FAM155B	1000	+	131235	nearby
chrX	69262000	69374000	pX.84	84	5.94059405940594	chrX	69031055	69037123	LOC102723911	1000	+	-224878	nearby
chrX	69288000	69404000	pX.85	85	6.93069306930693	chrX	69179556	69209924	LINC00269	1000	+	-78077	nearby
chrX	69288000	69404000	pX.85	85	6.93069306930693	chrX	69505234	69532508	FAM155B	1000	+	101235	nearby
chrX	69288000	69404000	pX.85	85	6.93069306930693	chrX	69160737	69165522	PJA1	1000	-	-122479	nearby
chrX	69288000	69404000	pX.85	85	6.93069306930693	chrX	69616066	70039472	EDA	1000	+	212067	nearby
chrX	69309000	69487000	pX.86	86	7.92079207920792	chrX	69505234	69532508	FAM155B	1000	+	18235	nearby
chrX	69309000	69487000	pX.86	86	7.92079207920792	chrX	69179556	69209924	LINC00269	1000	+	-99077	nearby
chrX	69309000	69487000	pX.86	86	7.92079207920792	chrX	69616066	70039472	EDA	1000	+	129067	nearby
chrX	69309000	69487000	pX.86	86	7.92079207920792	chrX	69160737	69165522	PJA1	1000	-	-143479	nearby
chrX	69425000	69528000	pX.87	87	6.93069306930693	chrX	69616066	70039472	EDA	1000	+	88067	nearby
chrX	69425000	69528000	pX.87	87	6.93069306930693	chrX	69179556	69209924	LINC00269	1000	+	-215077	nearby
chrX	69425000	69528000	pX.87	87	6.93069306930693	chrX	69160737	69165522	PJA1	1000	-	-259479	nearby
chrX	69425000	69528000	pX.87	87	6.93069306930693	chrX	69031055	69037123	LOC102723911	1000	+	-387878	nearby
chrX	69440000	69595000	pX.88	88	8.91089108910891	chrX	69616066	70039472	EDA	1000	+	21067	nearby
chrX	69440000	69595000	pX.88	88	8.91089108910891	chrX	69179556	69209924	LINC00269	1000	+	-230077	nearby
chrX	69440000	69595000	pX.88	88	8.91089108910891	chrX	69160737	69165522	PJA1	1000	-	-274479	nearby
chrX	69440000	69595000	pX.88	88	8.91089108910891	chrX	69031055	69037123	LOC102723911	1000	+	-402878	nearby
chrX	69498000	69624000	pX.89	89	6.93069306930693	chrX	69179556	69209924	LINC00269	1000	+	-288077	nearby
chrX	69498000	69624000	pX.89	89	6.93069306930693	chrX	69160737	69165522	PJA1	1000	-	-332479	nearby
chrX	69498000	69624000	pX.89	89	6.93069306930693	chrX	70022856	70022923	MIR676	1000	+	398857	nearby
chrX	69498000	69624000	pX.89	89	6.93069306930693	chrX	70040541	70049938	AWAT2	1000	-	416542	nearby
chrX	69530000	69646000	pX.90	90	5.94059405940594	chrX	69179556	69209924	LINC00269	1000	+	-320077	nearby
chrX	69530000	69646000	pX.90	90	5.94059405940594	chrX	69160737	69165522	PJA1	1000	-	-364479	nearby
chrX	69530000	69646000	pX.90	90	5.94059405940594	chrX	70022856	70022923	MIR676	1000	+	376857	nearby
chrX	69530000	69646000	pX.90	90	5.94059405940594	chrX	70040541	70049938	AWAT2	1000	-	394542	nearby
chrX	69868000	69971000	pX.91	91	5.94059405940594	chrX	70022856	70022923	MIR676	1000	+	51857	nearby
chrX	69868000	69971000	pX.91	91	5.94059405940594	chrX	70040541	70049938	AWAT2	1000	-	69542	nearby
chrX	69868000	69971000	pX.91	91	5.94059405940594	chrX	70062490	70064179	OTUD6A	1000	+	91491	nearby
chrX	69868000	69971000	pX.91	91	5.94059405940594	chrX	70133459	70166324	IGBP1	1000	+	162460	nearby
chrX	69885000	70024000	pX.92	92	5.94059405940594	chrX	70040541	70049938	AWAT2	1000	-	16542	nearby
chrX	69885000	70024000	pX.92	92	5.94059405940594	chrX	70062490	70064179	OTUD6A	1000	+	38491	nearby
chrX	69885000	70024000	pX.92	92	5.94059405940594	chrX	70133459	70166324	IGBP1	1000	+	109460	nearby
chrX	69885000	70024000	pX.92	92	5.94059405940594	chrX	70177485	70205703	DGAT2L6	1000	+	153486	nearby
chrX	69944000	70049000	pX.93	93	5.94059405940594	chrX	70062490	70064179	OTUD6A	1000	+	13491	nearby
chrX	69944000	70049000	pX.93	93	5.94059405940594	chrX	70133459	70166324	IGBP1	1000	+	84460	nearby
chrX	69944000	70049000	pX.93	93	5.94059405940594	chrX	70177485	70205703	DGAT2L6	1000	+	128486	nearby
chrX	69944000	70049000	pX.93	93	5.94059405940594	chrX	70234654	70240661	AWAT1	1000	+	185655	nearby
chrX	72481000	72585000	pX.94	94	5.94059405940594	chrX	72688949	72712348	RP1-172N19.2	1000	+	103950	nearby
chrX	72481000	72585000	pX.94	94	5.94059405940594	chrX	72301637	72307187	CITED1	1000	-	-173814	nearby
chrX	72481000	72585000	pX.94	94	5.94059405940594	chrX	72777072	72779095	FAM226B	1000	+	192073	nearby
chrX	72481000	72585000	pX.94	94	5.94059405940594	chrX	72777242	72848802	DMRTC1B	1000	+	192243	nearby
chrX	73019000	73161000	pX.95	95	5.94059405940594	chrX	73003512	73005712	PABPC1L2B	1000	+	-13289	nearby
chrX	73019000	73161000	pX.95	95	5.94059405940594	chrX	72998379	73003105	RP11-493K23.4	1000	-	-15896	nearby
chrX	73019000	73161000	pX.95	95	5.94059405940594	chrX	73212298	73214874	NAP1L2	1000	-	51299	nearby
chrX	73019000	73161000	pX.95	95	5.94059405940594	chrX	72941727	72943750	FAM226A	1000	-	-75251	nearby
chrX	77157000	77356000	pX.96	96	6.93069306930693	chrX	77447674	77456522	FGF16	1000	+	91675	nearby
chrX	77157000	77356000	pX.96	96	6.93069306930693	chrX	76657797	77014532	LOC101928469	1000	-	-142469	nearby
chrX	77157000	77356000	pX.96	96	6.93069306930693	chrX	77504877	77786269	ATRX	1000	-	148878	nearby
chrX	77157000	77356000	pX.96	96	6.93069306930693	chrX	77005403	77005501	MIR325	1000	-	-151500	nearby
chrX	85907000	86011000	pX.97	97	5.94059405940594	chrX	85903635	85903707	MIR361	1000	-	-3294	nearby
chrX	85907000	86011000	pX.97	97	5.94059405940594	chrX	85835779	85835858	MIR1321	1000	+	-71143	nearby
chrX	85907000	86011000	pX.97	97	5.94059405940594	chrX	86148450	86832602	DACH2	1000	+	137451	nearby
chrX	85907000	86011000	pX.97	97	5.94059405940594	chrX	85277388	85379743	POF1B	1000	-	-527258	nearby
chrX	85998000	86106000	pX.98	98	6.93069306930693	chrX	86148450	86832602	DACH2	1000	+	42451	nearby
chrX	85998000	86106000	pX.98	98	6.93069306930693	chrX	85903635	85903707	MIR361	1000	-	-94294	nearby
chrX	85998000	86106000	pX.98	98	6.93069306930693	chrX	85835779	85835858	MIR1321	1000	+	-162143	nearby
chrX	85998000	86106000	pX.98	98	6.93069306930693	chrX	85277388	85379743	POF1B	1000	-	-618258	nearby
chrX	89104000	89307000	pX.99	99	28.7128712871287	chrX	89403147	89457637	LOC102724150	1000	+	96148	nearby
chrX	89104000	89307000	pX.99	99	28.7128712871287	chrX	88747224	88754785	CPXCR1	1000	+	-349216	nearby
chrX	89104000	89307000	pX.99	99	28.7128712871287	chrX	89921940	89922883	TGIF2LX	1000	+	614941	nearby
chrX	89104000	89307000	pX.99	99	28.7128712871287	chrX	87517711	87670050	KLHL4	1000	+	-1433951	nearby
chrX	89385000	89583000	pX.100	100	7.92079207920792	chrX	89921940	89922883	TGIF2LX	1000	+	338941	nearby
chrX	89385000	89583000	pX.100	100	7.92079207920792	chrX	88747224	88754785	CPXCR1	1000	+	-630216	nearby
chrX	89385000	89583000	pX.100	100	7.92079207920792	chrX	87517711	87670050	KLHL4	1000	+	-1714951	nearby
chrX	89385000	89583000	pX.100	100	7.92079207920792	chrX	91414904	91418802	LOC102724167	1000	-	1831905	nearby
chrX	90674000	90873000	pX.101	101	5.94059405940594	chrX	91414904	91418802	LOC102724167	1000	-	541905	nearby
chrX	90674000	90873000	pX.101	101	5.94059405940594	chrX	91434597	91438584	PABPC5	1000	+	561598	nearby
chrX	90674000	90873000	pX.101	101	5.94059405940594	chrX	89921940	89922883	TGIF2LX	1000	+	-751118	nearby
chrX	90674000	90873000	pX.101	101	5.94059405940594	chrX	91779260	92623230	PCDH11X	1000	+	906261	nearby
chrX	95452000	95651000	pX.102	102	6.93069306930693	chrX	95063140	95063226	MIR548M	1000	-	-388775	nearby
chrX	95452000	95651000	pX.102	102	6.93069306930693	chrX	96337085	96337902	LOC643486	1000	-	686086	nearby
chrX	95452000	95651000	pX.102	102	6.93069306930693	chrX	96684662	97600598	DIAPH2	1000	+	1033663	nearby
chrX	95452000	95651000	pX.102	102	6.93069306930693	chrX	96883907	96885467	RPA4	1000	+	1232908	nearby
chrX	129405000	129531000	pX.103	103	5.94059405940594	chrX	129539848	129592556	OCRL	1000	+	8849	nearby
chrX	129405000	129531000	pX.103	103	5.94059405940594	chrX	129645258	129654956	APLN	1000	-	114259	nearby
chrX	129405000	129531000	pX.103	103	5.94059405940594	chrX	129738969	129769549	XPNPEP2	1000	+	207970	nearby
chrX	129405000	129531000	pX.103	103	5.94059405940594	chrX	129779915	129795201	SASH3	1000	+	248916	nearby
chrX	131367000	131567000	pX.104	104	6.93069306930693	chrX	131273505	131289429	IGSF1	1000	-	-77572	nearby
chrX	131367000	131567000	pX.104	104	6.93069306930693	chrX	131702649	131830643	FIRRE	1000	-	135650	nearby
chrX	131367000	131567000	pX.104	104	6.93069306930693	chrX	131058241	131089885	ARHGAP36	1000	+	-277116	nearby
chrX	131367000	131567000	pX.104	104	6.93069306930693	chrX	132023216	132075943	MST4	1000	+	456217	nearby
chrX	136776000	136979000	pX.105	105	12.8712871287129	chrX	137030147	137031674	GPR101	1000	-	51148	nearby
chrX	136776000	136979000	pX.105	105	12.8712871287129	chrX	136648176	136660390	CD40LG	1000	+	-115611	nearby
chrX	136776000	136979000	pX.105	105	12.8712871287129	chrX	136639542	136642429	LINC00892	1000	+	-133572	nearby
chrX	136776000	136979000	pX.105	105	12.8712871287129	chrX	136532151	136556807	VGLL1	1000	+	-219194	nearby
chrY	3041000	3240000	pY.1	1	6.93069306930693	chrY	2935070	2982506	ZFY	1000	+	-58495	nearby
chrY	3041000	3240000	pY.1	1	6.93069306930693	chrY	2841581	2866956	RPS4Y1	1000	+	-174045	nearby
chrY	3041000	3240000	pY.1	1	6.93069306930693	chrY	2786854	2787741	SRY	1000	-	-253260	nearby
chrY	3041000	3240000	pY.1	1	6.93069306930693	chrY	2752295	2774996	XGPY2	1000	+	-266005	nearby
chrY	4256000	4455000	pY.2	2	6.93069306930693	chrY	5000225	5742228	PCDH11Y	1000	+	545226	nearby
chrY	4256000	4455000	pY.2	2	6.93069306930693	chrY	3579084	3580041	TGIF2LY	1000	+	-675960	nearby
chrY	4256000	4455000	pY.2	2	6.93069306930693	chrY	5337613	5356243	LOC101928634	1000	+	882614	nearby
chrY	4256000	4455000	pY.2	2	6.93069306930693	chrY	3002995	3102272	LINC00278	1000	+	-1153729	nearby
chrY	6435000	6633000	pY.3	3	7.92079207920792	chrY	6406243	6428444	TTTY2B	1000	-	-6557	nearby
chrY	6435000	6633000	pY.3	3	7.92079207920792	chrY	6390400	6411564	TTTY1B	1000	+	-23437	nearby
chrY	6435000	6633000	pY.3	3	7.92079207920792	chrY	6246222	6249018	TSPY2	1000	+	-185983	nearby
chrY	6435000	6633000	pY.3	3	7.92079207920792	chrY	6242445	6243610	TTTY23B	1000	-	-191391	nearby
