chrX	163000	348000	pX.1	1	13.8613861386139	chrX	225927	227643	GH0XI000225	1716	overlap
chrX	163000	348000	pX.1	1	13.8613861386139	chrX	230148	233000	GH0XI000230	2852	overlap
chrX	163000	348000	pX.1	1	13.8613861386139	chrX	249800	251200	GH0XI000249	1400	overlap
chrX	163000	348000	pX.1	1	13.8613861386139	chrX	267612	268329	GH0XI000267	717	overlap
chrX	163000	348000	pX.1	1	13.8613861386139	chrX	270720	271354	GH0XI000270	634	overlap
chrX	163000	348000	pX.1	1	13.8613861386139	chrX	275799	277401	GH0XI000275	1602	overlap
chrX	163000	348000	pX.1	1	13.8613861386139	chrX	278624	280423	GH0XI000278	1799	overlap
chrX	163000	348000	pX.1	1	13.8613861386139	chrX	280599	284001	GH0XI000280	3402	overlap
chrX	163000	348000	pX.1	1	13.8613861386139	chrX	317599	320801	GH0XI000317	3202	overlap
chrX	163000	348000	pX.1	1	13.8613861386139	chrX	323179	324555	GH0XI000323	1376	overlap
chrX	163000	348000	pX.1	1	13.8613861386139	chrX	330473	334946	GH0XI000330	4473	overlap
chrX	163000	348000	pX.1	1	13.8613861386139	chrX	261074	262957	GH0XI000261	1883	overlap
chrX	264000	382000	pX.2	2	16.8316831683168	chrX	267612	268329	GH0XI000267	717	overlap
chrX	264000	382000	pX.2	2	16.8316831683168	chrX	270720	271354	GH0XI000270	634	overlap
chrX	264000	382000	pX.2	2	16.8316831683168	chrX	275799	277401	GH0XI000275	1602	overlap
chrX	264000	382000	pX.2	2	16.8316831683168	chrX	278624	280423	GH0XI000278	1799	overlap
chrX	264000	382000	pX.2	2	16.8316831683168	chrX	280599	284001	GH0XI000280	3402	overlap
chrX	264000	382000	pX.2	2	16.8316831683168	chrX	317599	320801	GH0XI000317	3202	overlap
chrX	264000	382000	pX.2	2	16.8316831683168	chrX	323179	324555	GH0XI000323	1376	overlap
chrX	264000	382000	pX.2	2	16.8316831683168	chrX	330473	334946	GH0XI000330	4473	overlap
chrX	264000	382000	pX.2	2	16.8316831683168	chrX	356601	358199	GH0XI000356	1598	overlap
chrX	264000	382000	pX.2	2	16.8316831683168	chrX	367923	371831	GH0XI000367	3908	overlap
chrX	264000	382000	pX.2	2	16.8316831683168	chrX	372000	372400	GH0XI000372	400	overlap
chrX	264000	382000	pX.2	2	16.8316831683168	chrX	373399	374201	GH0XI000373	802	overlap
chrX	264000	382000	pX.2	2	16.8316831683168	chrX	378600	378800	GH0XI000378	200	overlap
chrX	308000	612000	pX.3	3	21.7821782178218	chrX	317599	320801	GH0XI000317	3202	overlap
chrX	308000	612000	pX.3	3	21.7821782178218	chrX	323179	324555	GH0XI000323	1376	overlap
chrX	308000	612000	pX.3	3	21.7821782178218	chrX	330473	334946	GH0XI000330	4473	overlap
chrX	308000	612000	pX.3	3	21.7821782178218	chrX	356601	358199	GH0XI000356	1598	overlap
chrX	308000	612000	pX.3	3	21.7821782178218	chrX	367923	371831	GH0XI000367	3908	overlap
chrX	308000	612000	pX.3	3	21.7821782178218	chrX	372000	372400	GH0XI000372	400	overlap
chrX	308000	612000	pX.3	3	21.7821782178218	chrX	373399	374201	GH0XI000373	802	overlap
chrX	308000	612000	pX.3	3	21.7821782178218	chrX	378600	378800	GH0XI000378	200	overlap
chrX	308000	612000	pX.3	3	21.7821782178218	chrX	385800	388000	GH0XI000385	2200	overlap
chrX	308000	612000	pX.3	3	21.7821782178218	chrX	397417	398415	GH0XI000397	998	overlap
chrX	308000	612000	pX.3	3	21.7821782178218	chrX	413095	414388	GH0XI000413	1293	overlap
chrX	308000	612000	pX.3	3	21.7821782178218	chrX	499710	500600	GH0XI000499	890	overlap
chrX	638000	755000	pX.6	6	6.93069306930693	chrX	698200	698800	GH0XI000698	600	overlap
chrX	666000	837000	pX.7	7	9.9009900990099	chrX	698200	698800	GH0XI000698	600	overlap
chrX	818000	1085000	pX.8	8	9.9009900990099	chrX	989600	991000	GH0XI000989	1400	overlap
chrX	818000	1085000	pX.8	8	9.9009900990099	chrX	1023000	1023400	GH0XI001023	400	overlap
chrX	818000	1085000	pX.8	8	9.9009900990099	chrX	1025600	1025800	GH0XI001025	200	overlap
chrX	818000	1085000	pX.8	8	9.9009900990099	chrX	1026200	1027600	GH0XI001026	1400	overlap
chrX	1002000	1113000	pX.9	9	6.93069306930693	chrX	1023000	1023400	GH0XI001023	400	overlap
chrX	1002000	1113000	pX.9	9	6.93069306930693	chrX	1025600	1025800	GH0XI001025	200	overlap
chrX	1002000	1113000	pX.9	9	6.93069306930693	chrX	1026200	1027600	GH0XI001026	1400	overlap
chrX	1044000	1236000	pX.10	10	9.9009900990099	chrX	1164687	1165056	GH0XI001164	369	overlap
chrX	1044000	1236000	pX.10	10	9.9009900990099	chrX	1165680	1166277	GH0XI001165	597	overlap
chrX	1044000	1236000	pX.10	10	9.9009900990099	chrX	1178600	1179000	GH0XI001178	400	overlap
chrX	1044000	1236000	pX.10	10	9.9009900990099	chrX	1205000	1206800	GH0XI001205	1800	overlap
chrX	1044000	1236000	pX.10	10	9.9009900990099	chrX	1207931	1208170	GH0XI001207	239	overlap
chrX	1044000	1236000	pX.10	10	9.9009900990099	chrX	1208200	1209074	GH0XI001208	874	overlap
chrX	1044000	1236000	pX.10	10	9.9009900990099	chrX	1215041	1215800	GH0XI001215	759	overlap
chrX	1044000	1236000	pX.10	10	9.9009900990099	chrX	1222898	1223207	GH0XI001222	309	overlap
chrX	1044000	1236000	pX.10	10	9.9009900990099	chrX	1232200	1232600	GH0XI001232	400	overlap
chrX	1044000	1236000	pX.10	10	9.9009900990099	chrX	1212400	1212995	GH0XI001212	595	overlap
chrX	1141000	1398000	pX.11	11	14.8514851485149	chrX	1164687	1165056	GH0XI001164	369	overlap
chrX	1141000	1398000	pX.11	11	14.8514851485149	chrX	1165680	1166277	GH0XI001165	597	overlap
chrX	1141000	1398000	pX.11	11	14.8514851485149	chrX	1178600	1179000	GH0XI001178	400	overlap
chrX	1141000	1398000	pX.11	11	14.8514851485149	chrX	1205000	1206800	GH0XI001205	1800	overlap
chrX	1141000	1398000	pX.11	11	14.8514851485149	chrX	1207931	1208170	GH0XI001207	239	overlap
chrX	1141000	1398000	pX.11	11	14.8514851485149	chrX	1208200	1209074	GH0XI001208	874	overlap
chrX	1141000	1398000	pX.11	11	14.8514851485149	chrX	1215041	1215800	GH0XI001215	759	overlap
chrX	1141000	1398000	pX.11	11	14.8514851485149	chrX	1222898	1223207	GH0XI001222	309	overlap
chrX	1141000	1398000	pX.11	11	14.8514851485149	chrX	1232200	1232600	GH0XI001232	400	overlap
chrX	1141000	1398000	pX.11	11	14.8514851485149	chrX	1239400	1240400	GH0XI001239	1000	overlap
chrX	1141000	1398000	pX.11	11	14.8514851485149	chrX	1242800	1243400	GH0XI001242	600	overlap
chrX	1141000	1398000	pX.11	11	14.8514851485149	chrX	1246600	1247200	GH0XI001246	600	overlap
chrX	1141000	1398000	pX.11	11	14.8514851485149	chrX	1247967	1250400	GH0XI001247	2433	overlap
chrX	1141000	1398000	pX.11	11	14.8514851485149	chrX	1268799	1269201	GH0XI001268	402	overlap
chrX	1141000	1398000	pX.11	11	14.8514851485149	chrX	1273400	1273600	GH0XI001273	200	overlap
chrX	1141000	1398000	pX.11	11	14.8514851485149	chrX	1273746	1275399	GH0XI001274	1653	overlap
chrX	1141000	1398000	pX.11	11	14.8514851485149	chrX	1279400	1280600	GH0XI001279	1200	overlap
chrX	1141000	1398000	pX.11	11	14.8514851485149	chrX	1316200	1317200	GH0XI001316	1000	overlap
chrX	1141000	1398000	pX.11	11	14.8514851485149	chrX	1320199	1320601	GH0XI001320	402	overlap
chrX	1141000	1398000	pX.11	11	14.8514851485149	chrX	1330400	1331000	GH0XI001330	600	overlap
chrX	1141000	1398000	pX.11	11	14.8514851485149	chrX	1332999	1334601	GH0XI001333	1602	overlap
chrX	1141000	1398000	pX.11	11	14.8514851485149	chrX	1336399	1337401	GH0XI001336	1002	overlap
chrX	1141000	1398000	pX.11	11	14.8514851485149	chrX	1339800	1340200	GH0XI001339	400	overlap
chrX	1141000	1398000	pX.11	11	14.8514851485149	chrX	1355400	1356000	GH0XI001355	600	overlap
chrX	1141000	1398000	pX.11	11	14.8514851485149	chrX	1380800	1381000	GH0XI001380	200	overlap
chrX	1141000	1398000	pX.11	11	14.8514851485149	chrX	1395662	1396008	GH0XI001395	346	overlap
chrX	1141000	1398000	pX.11	11	14.8514851485149	chrX	1212400	1212995	GH0XI001212	595	overlap
chrX	1141000	1398000	pX.11	11	14.8514851485149	chrX	1391199	1393601	GH0XI001391	2402	overlap
chrX	1482000	1589000	pX.12	12	5.94059405940594	chrX	1480801	1482600	GH0XI001480	600	overlap
chrX	1482000	1589000	pX.12	12	5.94059405940594	chrX	1483400	1483800	GH0XI001483	400	overlap
chrX	1482000	1589000	pX.12	12	5.94059405940594	chrX	1484399	1484600	GH0XI001484	201	overlap
chrX	1482000	1589000	pX.12	12	5.94059405940594	chrX	1486179	1489266	GH0XI001486	3087	overlap
chrX	1482000	1589000	pX.12	12	5.94059405940594	chrX	1491973	1492322	GH0XI001491	349	overlap
chrX	1482000	1589000	pX.12	12	5.94059405940594	chrX	1493600	1494800	GH0XI001493	1200	overlap
chrX	1482000	1589000	pX.12	12	5.94059405940594	chrX	1500601	1505599	GH0XI001500	4998	overlap
chrX	1482000	1589000	pX.12	12	5.94059405940594	chrX	1506123	1506809	GH0XI001506	686	overlap
chrX	1482000	1589000	pX.12	12	5.94059405940594	chrX	1507560	1508400	GH0XI001507	840	overlap
chrX	1482000	1589000	pX.12	12	5.94059405940594	chrX	1509643	1510887	GH0XI001509	1244	overlap
chrX	1482000	1589000	pX.12	12	5.94059405940594	chrX	1517663	1517723	GH0XI001517	60	overlap
chrX	1482000	1589000	pX.12	12	5.94059405940594	chrX	1518497	1519587	GH0XI001518	1090	overlap
chrX	1482000	1589000	pX.12	12	5.94059405940594	chrX	1519597	1520199	GH0XI001519	602	overlap
chrX	1482000	1589000	pX.12	12	5.94059405940594	chrX	1521400	1522800	GH0XI001521	1400	overlap
chrX	1482000	1589000	pX.12	12	5.94059405940594	chrX	1525458	1525664	GH0XI001525	206	overlap
chrX	1482000	1589000	pX.12	12	5.94059405940594	chrX	1526899	1530534	GH0XI001526	3635	overlap
chrX	1482000	1589000	pX.12	12	5.94059405940594	chrX	1530761	1532294	GH0XI001530	1533	overlap
chrX	1482000	1589000	pX.12	12	5.94059405940594	chrX	1535199	1537601	GH0XI001535	2402	overlap
chrX	1482000	1589000	pX.12	12	5.94059405940594	chrX	1546201	1547400	GH0XI001546	1199	overlap
chrX	1482000	1589000	pX.12	12	5.94059405940594	chrX	1554800	1555400	GH0XI001554	600	overlap
chrX	1482000	1589000	pX.12	12	5.94059405940594	chrX	1565000	1565400	GH0XI001565	400	overlap
chrX	1482000	1589000	pX.12	12	5.94059405940594	chrX	1570600	1571200	GH0XI001570	600	overlap
chrX	1482000	1589000	pX.12	12	5.94059405940594	chrX	1582800	1583463	GH0XI001582	663	overlap
chrX	1482000	1589000	pX.12	12	5.94059405940594	chrX	1587200	1587600	GH0XI001587	400	overlap
chrX	1541000	1740000	pX.13	13	9.9009900990099	chrX	1546201	1547400	GH0XI001546	1199	overlap
chrX	1541000	1740000	pX.13	13	9.9009900990099	chrX	1554800	1555400	GH0XI001554	600	overlap
chrX	1541000	1740000	pX.13	13	9.9009900990099	chrX	1565000	1565400	GH0XI001565	400	overlap
chrX	1541000	1740000	pX.13	13	9.9009900990099	chrX	1570600	1571200	GH0XI001570	600	overlap
chrX	1541000	1740000	pX.13	13	9.9009900990099	chrX	1582800	1583463	GH0XI001582	663	overlap
chrX	1541000	1740000	pX.13	13	9.9009900990099	chrX	1587200	1587600	GH0XI001587	400	overlap
chrX	1541000	1740000	pX.13	13	9.9009900990099	chrX	1589400	1590000	GH0XI001589	600	overlap
chrX	1541000	1740000	pX.13	13	9.9009900990099	chrX	1590200	1590400	GH0XI001590	200	overlap
chrX	1541000	1740000	pX.13	13	9.9009900990099	chrX	1591200	1593001	GH0XI001591	1801	overlap
chrX	1541000	1740000	pX.13	13	9.9009900990099	chrX	1614942	1615002	GH0XI001614	60	overlap
chrX	1541000	1740000	pX.13	13	9.9009900990099	chrX	1615114	1615174	GH0XI001615	60	overlap
chrX	1541000	1740000	pX.13	13	9.9009900990099	chrX	1621000	1621200	GH0XI001621	200	overlap
chrX	1541000	1740000	pX.13	13	9.9009900990099	chrX	1657200	1658600	GH0XI001657	1400	overlap
chrX	1541000	1740000	pX.13	13	9.9009900990099	chrX	1660862	1662600	GH0XI001660	1738	overlap
chrX	2098000	2297000	pX.15	15	16.8316831683168	chrX	2182599	2183001	GH0XI002182	402	overlap
chrX	2098000	2297000	pX.15	15	16.8316831683168	chrX	2188600	2188800	GH0XI002188	200	overlap
chrX	16083000	16283000	pX.16	16	9.9009900990099	chrX	16100094	16101926	GH0XI016100	1832	overlap
chrX	16083000	16283000	pX.16	16	9.9009900990099	chrX	16113784	16115329	GH0XI016113	1545	overlap
chrX	16083000	16283000	pX.16	16	9.9009900990099	chrX	16119173	16120380	GH0XI016119	1207	overlap
chrX	16083000	16283000	pX.16	16	9.9009900990099	chrX	16122983	16123947	GH0XI016122	964	overlap
chrX	16083000	16283000	pX.16	16	9.9009900990099	chrX	16124223	16124907	GH0XI016124	684	overlap
chrX	16083000	16283000	pX.16	16	9.9009900990099	chrX	16125037	16126196	GH0XI016125	1159	overlap
chrX	16083000	16283000	pX.16	16	9.9009900990099	chrX	16158481	16158838	GH0XI016158	357	overlap
chrX	16083000	16283000	pX.16	16	9.9009900990099	chrX	16159792	16161869	GH0XI016159	2077	overlap
chrX	16083000	16283000	pX.16	16	9.9009900990099	chrX	16161977	16162127	GH0XI016161	150	overlap
chrX	16083000	16283000	pX.16	16	9.9009900990099	chrX	16178076	16178616	GH0XI016179	540	overlap
chrX	16083000	16283000	pX.16	16	9.9009900990099	chrX	16178644	16179264	GH0XI016178	620	overlap
chrX	16083000	16283000	pX.16	16	9.9009900990099	chrX	16184644	16184960	GH0XI016184	316	overlap
chrX	16083000	16283000	pX.16	16	9.9009900990099	chrX	16198751	16199847	GH0XI016198	1096	overlap
chrX	16083000	16283000	pX.16	16	9.9009900990099	chrX	16204697	16204847	GH0XI016204	150	overlap
chrX	16083000	16283000	pX.16	16	9.9009900990099	chrX	16211864	16212508	GH0XI016211	644	overlap
chrX	16083000	16283000	pX.16	16	9.9009900990099	chrX	16215092	16216944	GH0XI016215	1852	overlap
chrX	16083000	16283000	pX.16	16	9.9009900990099	chrX	16239337	16239487	GH0XI016239	150	overlap
chrX	16083000	16283000	pX.16	16	9.9009900990099	chrX	16185090	16187936	GH0XI016185	2846	overlap
chrX	25311000	25417000	pX.17	17	5.94059405940594	chrX	25382106	25384217	GH0XI025382	2111	overlap
chrX	30354000	30554000	pX.18	18	6.93069306930693	chrX	30520905	30522611	GH0XI030520	1706	overlap
chrX	30503000	30702000	pX.19	19	6.93069306930693	chrX	30520905	30522611	GH0XI030520	1706	overlap
chrX	30503000	30702000	pX.19	19	6.93069306930693	chrX	30560316	30562507	GH0XI030560	2191	overlap
chrX	30503000	30702000	pX.19	19	6.93069306930693	chrX	30563026	30563249	GH0XI030563	223	overlap
chrX	30503000	30702000	pX.19	19	6.93069306930693	chrX	30568062	30568689	GH0XI030568	627	overlap
chrX	30503000	30702000	pX.19	19	6.93069306930693	chrX	30571000	30571200	GH0XI030571	200	overlap
chrX	30503000	30702000	pX.19	19	6.93069306930693	chrX	30571400	30571800	GH0XI030573	400	overlap
chrX	30503000	30702000	pX.19	19	6.93069306930693	chrX	30580015	30581334	GH0XI030580	1319	overlap
chrX	30503000	30702000	pX.19	19	6.93069306930693	chrX	30589600	30589800	GH0XI030589	200	overlap
chrX	30503000	30702000	pX.19	19	6.93069306930693	chrX	30590200	30590400	GH0XI030590	200	overlap
chrX	30503000	30702000	pX.19	19	6.93069306930693	chrX	30590600	30590800	GH0XI030591	200	overlap
chrX	30503000	30702000	pX.19	19	6.93069306930693	chrX	30592400	30593800	GH0XI030592	1400	overlap
chrX	30503000	30702000	pX.19	19	6.93069306930693	chrX	30593963	30594113	GH0XI030593	150	overlap
chrX	30503000	30702000	pX.19	19	6.93069306930693	chrX	30596800	30598763	GH0XI030596	1963	overlap
chrX	30503000	30702000	pX.19	19	6.93069306930693	chrX	30600400	30601200	GH0XI030600	800	overlap
chrX	30503000	30702000	pX.19	19	6.93069306930693	chrX	30612000	30614256	GH0XI030612	2256	overlap
chrX	30503000	30702000	pX.19	19	6.93069306930693	chrX	30618200	30618762	GH0XI030618	562	overlap
chrX	30503000	30702000	pX.19	19	6.93069306930693	chrX	30625948	30629139	GH0XI030625	3191	overlap
chrX	30503000	30702000	pX.19	19	6.93069306930693	chrX	30630000	30630600	GH0XI030630	600	overlap
chrX	30503000	30702000	pX.19	19	6.93069306930693	chrX	30638431	30638881	GH0XI030638	450	overlap
chrX	30503000	30702000	pX.19	19	6.93069306930693	chrX	30639200	30639400	GH0XI030639	200	overlap
chrX	30503000	30702000	pX.19	19	6.93069306930693	chrX	30642260	30644220	GH0XI030642	1960	overlap
chrX	30503000	30702000	pX.19	19	6.93069306930693	chrX	30649304	30650795	GH0XI030649	1491	overlap
chrX	30503000	30702000	pX.19	19	6.93069306930693	chrX	30664683	30665606	GH0XI030664	923	overlap
chrX	30503000	30702000	pX.19	19	6.93069306930693	chrX	30672193	30674611	GH0XI030672	2418	overlap
chrX	30503000	30702000	pX.19	19	6.93069306930693	chrX	30677940	30682002	GH0XI030677	4062	overlap
chrX	30503000	30702000	pX.19	19	6.93069306930693	chrX	30683299	30684561	GH0XI030683	1262	overlap
chrX	30503000	30702000	pX.19	19	6.93069306930693	chrX	30698951	30699027	GH0XI030698	76	overlap
chrX	30503000	30702000	pX.19	19	6.93069306930693	chrX	30572400	30578871	GH0XI030572	6471	overlap
chrX	30503000	30702000	pX.19	19	6.93069306930693	chrX	30588800	30589569	GH0XI030588	769	overlap
chrX	30503000	30702000	pX.19	19	6.93069306930693	chrX	30620600	30621800	GH0XI030620	1200	overlap
chrX	30503000	30702000	pX.19	19	6.93069306930693	chrX	30651532	30663950	GH0XI030651	12418	overlap
chrX	32372000	32493000	pX.20	20	5.94059405940594	chrX	32413656	32413734	GH0XI032413	78	overlap
chrX	32372000	32493000	pX.20	20	5.94059405940594	chrX	32447771	32449060	GH0XI032447	1289	overlap
chrX	34720000	34920000	pX.21	21	5.94059405940594	chrX	34764721	34765758	GH0XI034764	1037	overlap
chrX	34720000	34920000	pX.21	21	5.94059405940594	chrX	34778248	34780110	GH0XI034778	1862	overlap
chrX	34720000	34920000	pX.21	21	5.94059405940594	chrX	34876973	34878516	GH0XI034876	1543	overlap
chrX	34720000	34920000	pX.21	21	5.94059405940594	chrX	34880341	34881514	GH0XI034880	1173	overlap
chrX	34720000	34920000	pX.21	21	5.94059405940594	chrX	34884171	34885765	GH0XI034884	1594	overlap
chrX	40112000	40261000	pX.22	22	5.94059405940594	chrX	40113469	40113649	GH0XI040113	180	overlap
chrX	40112000	40261000	pX.22	22	5.94059405940594	chrX	40116779	40118966	GH0XI040116	2187	overlap
chrX	40112000	40261000	pX.22	22	5.94059405940594	chrX	40120713	40121381	GH0XI040120	668	overlap
chrX	40112000	40261000	pX.22	22	5.94059405940594	chrX	40121421	40121457	GH0XI040122	36	overlap
chrX	40112000	40261000	pX.22	22	5.94059405940594	chrX	40121467	40121617	GH0XI040121	150	overlap
chrX	40112000	40261000	pX.22	22	5.94059405940594	chrX	40126793	40127857	GH0XI040126	1064	overlap
chrX	40112000	40261000	pX.22	22	5.94059405940594	chrX	40130327	40130497	GH0XI040130	170	overlap
chrX	40112000	40261000	pX.22	22	5.94059405940594	chrX	40131631	40133477	GH0XI040131	1846	overlap
chrX	40112000	40261000	pX.22	22	5.94059405940594	chrX	40133665	40134114	GH0XI040133	449	overlap
chrX	40112000	40261000	pX.22	22	5.94059405940594	chrX	40140885	40142039	GH0XI040140	1154	overlap
chrX	40112000	40261000	pX.22	22	5.94059405940594	chrX	40144999	40147197	GH0XI040145	2198	overlap
chrX	40112000	40261000	pX.22	22	5.94059405940594	chrX	40147665	40147797	GH0XI040147	132	overlap
chrX	40112000	40261000	pX.22	22	5.94059405940594	chrX	40147901	40150111	GH0XI040148	2210	overlap
chrX	40112000	40261000	pX.22	22	5.94059405940594	chrX	40179000	40179865	GH0XI040179	865	overlap
chrX	40112000	40261000	pX.22	22	5.94059405940594	chrX	40188633	40189279	GH0XI040188	646	overlap
chrX	40112000	40261000	pX.22	22	5.94059405940594	chrX	40201080	40202641	GH0XI040201	1561	overlap
chrX	40112000	40261000	pX.22	22	5.94059405940594	chrX	40205400	40205800	GH0XI040205	400	overlap
chrX	40112000	40261000	pX.22	22	5.94059405940594	chrX	40245001	40246199	GH0XI040245	1198	overlap
chrX	40112000	40261000	pX.22	22	5.94059405940594	chrX	40260400	40260600	GH0XI040260	200	overlap
chrX	40112000	40261000	pX.22	22	5.94059405940594	chrX	40140580	40140866	GH0XI040141	286	overlap
chrX	40112000	40261000	pX.22	22	5.94059405940594	chrX	40150671	40159115	GH0XI040150	8444	overlap
chrX	40112000	40261000	pX.22	22	5.94059405940594	chrX	40166593	40178356	GH0XI040166	11763	overlap
chrX	44987000	45109000	pX.23	23	5.94059405940594	chrX	44997200	44998400	GH0XI044997	1200	overlap
chrX	44987000	45109000	pX.23	23	5.94059405940594	chrX	45001000	45001200	GH0XI045003	200	overlap
chrX	44987000	45109000	pX.23	23	5.94059405940594	chrX	45001400	45001600	GH0XI045001	200	overlap
chrX	44987000	45109000	pX.23	23	5.94059405940594	chrX	45001800	45002000	GH0XI045002	200	overlap
chrX	44987000	45109000	pX.23	23	5.94059405940594	chrX	45011275	45011425	GH0XI045011	150	overlap
chrX	44987000	45109000	pX.23	23	5.94059405940594	chrX	45059264	45059324	GH0XI045059	60	overlap
chrX	44987000	45109000	pX.23	23	5.94059405940594	chrX	45068520	45069742	GH0XI045068	1222	overlap
chrX	44987000	45109000	pX.23	23	5.94059405940594	chrX	45070037	45070906	GH0XI045070	869	overlap
chrX	44987000	45109000	pX.23	23	5.94059405940594	chrX	45005773	45007319	GH0XI045005	1546	overlap
chrX	48573000	48773000	pX.24	24	17.8217821782178	chrX	48573270	48576701	GH0XI048573	3431	overlap
chrX	48573000	48773000	pX.24	24	17.8217821782178	chrX	48582590	48583644	GH0XI048582	1054	overlap
chrX	48573000	48773000	pX.24	24	17.8217821782178	chrX	48589703	48592757	GH0XI048589	3054	overlap
chrX	48573000	48773000	pX.24	24	17.8217821782178	chrX	48592985	48593389	GH0XI048592	404	overlap
chrX	48573000	48773000	pX.24	24	17.8217821782178	chrX	48596372	48598929	GH0XI048596	2557	overlap
chrX	48573000	48773000	pX.24	24	17.8217821782178	chrX	48617000	48617200	GH0XI048618	200	overlap
chrX	48573000	48773000	pX.24	24	17.8217821782178	chrX	48617330	48618329	GH0XI048617	999	overlap
chrX	48573000	48773000	pX.24	24	17.8217821782178	chrX	48631201	48632200	GH0XI048631	999	overlap
chrX	48573000	48773000	pX.24	24	17.8217821782178	chrX	48648399	48649880	GH0XI048648	1481	overlap
chrX	48573000	48773000	pX.24	24	17.8217821782178	chrX	48667578	48667807	GH0XI048667	229	overlap
chrX	48573000	48773000	pX.24	24	17.8217821782178	chrX	48679867	48681173	GH0XI048679	1306	overlap
chrX	48573000	48773000	pX.24	24	17.8217821782178	chrX	48682895	48685157	GH0XI048682	2262	overlap
chrX	48573000	48773000	pX.24	24	17.8217821782178	chrX	48695310	48698150	GH0XI048695	2840	overlap
chrX	48573000	48773000	pX.24	24	17.8217821782178	chrX	48700344	48703024	GH0XI048700	2680	overlap
chrX	48573000	48773000	pX.24	24	17.8217821782178	chrX	48704029	48705028	GH0XI048704	999	overlap
chrX	48573000	48773000	pX.24	24	17.8217821782178	chrX	48710521	48716544	GH0XI048710	6023	overlap
chrX	48573000	48773000	pX.24	24	17.8217821782178	chrX	48719688	48722157	GH0XI048719	2469	overlap
chrX	48573000	48773000	pX.24	24	17.8217821782178	chrX	48736135	48738571	GH0XI048736	2436	overlap
chrX	48573000	48773000	pX.24	24	17.8217821782178	chrX	48752499	48753699	GH0XI048752	1200	overlap
chrX	48573000	48773000	pX.24	24	17.8217821782178	chrX	48753837	48753987	GH0XI048753	150	overlap
chrX	48573000	48773000	pX.24	24	17.8217821782178	chrX	48761457	48762566	GH0XI048761	1109	overlap
chrX	48573000	48773000	pX.24	24	17.8217821782178	chrX	48770409	48771515	GH0XI048770	1106	overlap
chrX	48573000	48773000	pX.24	24	17.8217821782178	chrX	48675599	48678835	GH0XI048675	3236	overlap
chrX	56913000	57112000	pX.25	25	7.92079207920792	chrX	56946367	56946497	GH0XI056946	130	overlap
chrX	56913000	57112000	pX.25	25	7.92079207920792	chrX	56978287	56978437	GH0XI056978	150	overlap
chrX	56913000	57112000	pX.25	25	7.92079207920792	chrX	56994400	56996555	GH0XI056994	2155	overlap
chrX	63732000	63893000	pX.29	29	6.93069306930693	chrX	63745485	63748200	GH0XI063745	2715	overlap
chrX	63732000	63893000	pX.29	29	6.93069306930693	chrX	63750298	63751210	GH0XI063750	912	overlap
chrX	63732000	63893000	pX.29	29	6.93069306930693	chrX	63751640	63751790	GH0XI063752	150	overlap
chrX	63732000	63893000	pX.29	29	6.93069306930693	chrX	63751973	63756218	GH0XI063751	4245	overlap
chrX	63732000	63893000	pX.29	29	6.93069306930693	chrX	63761462	63762228	GH0XI063761	766	overlap
chrX	63732000	63893000	pX.29	29	6.93069306930693	chrX	63781787	63786292	GH0XI063781	4505	overlap
chrX	64116000	64238000	pX.30	30	5.94059405940594	chrX	64198078	64198138	GH0XI064198	60	overlap
chrX	64116000	64238000	pX.30	30	5.94059405940594	chrX	64203608	64207833	GH0XI064203	4225	overlap
chrX	64116000	64238000	pX.30	30	5.94059405940594	chrX	64230596	64230656	GH0XI064230	60	overlap
chrX	64375000	64478000	pX.31	31	5.94059405940594	chrX	64394400	64396070	GH0XI064394	1670	overlap
chrX	64740000	64994000	pX.34	34	10.8910891089109	chrX	64842140	64843304	GH0XI064842	1164	overlap
chrX	64740000	64994000	pX.34	34	10.8910891089109	chrX	64850643	64851059	GH0XI064850	416	overlap
chrX	64740000	64994000	pX.34	34	10.8910891089109	chrX	64928457	64928533	GH0XI064928	76	overlap
chrX	64740000	64994000	pX.34	34	10.8910891089109	chrX	64975199	64977110	GH0XI064975	1911	overlap
chrX	64906000	65075000	pX.35	35	7.92079207920792	chrX	64928457	64928533	GH0XI064928	76	overlap
chrX	64906000	65075000	pX.35	35	7.92079207920792	chrX	64975199	64977110	GH0XI064975	1911	overlap
chrX	64906000	65075000	pX.35	35	7.92079207920792	chrX	65028193	65028253	GH0XI065028	60	overlap
chrX	64906000	65075000	pX.35	35	7.92079207920792	chrX	65030706	65031007	GH0XI065030	301	overlap
chrX	64906000	65075000	pX.35	35	7.92079207920792	chrX	65034092	65036200	GH0XI065034	2108	overlap
chrX	65008000	65113000	pX.36	36	5.94059405940594	chrX	65028193	65028253	GH0XI065028	60	overlap
chrX	65008000	65113000	pX.36	36	5.94059405940594	chrX	65030706	65031007	GH0XI065030	301	overlap
chrX	65008000	65113000	pX.36	36	5.94059405940594	chrX	65034092	65036200	GH0XI065034	2108	overlap
chrX	65061000	65207000	pX.37	37	6.93069306930693	chrX	65127365	65128132	GH0XI065127	767	overlap
chrX	65061000	65207000	pX.37	37	6.93069306930693	chrX	65195276	65198256	GH0XI065195	2980	overlap
chrX	65112000	65247000	pX.38	38	5.94059405940594	chrX	65127365	65128132	GH0XI065127	767	overlap
chrX	65112000	65247000	pX.38	38	5.94059405940594	chrX	65195276	65198256	GH0XI065195	2980	overlap
chrX	65112000	65247000	pX.38	38	5.94059405940594	chrX	65244724	65245060	GH0XI065244	336	overlap
chrX	65358000	65574000	pX.39	39	10.8910891089109	chrX	65406599	65408200	GH0XI065406	1601	overlap
chrX	65358000	65574000	pX.39	39	10.8910891089109	chrX	65462837	65464356	GH0XI065462	1519	overlap
chrX	65358000	65574000	pX.39	39	10.8910891089109	chrX	65480898	65481766	GH0XI065480	868	overlap
chrX	65358000	65574000	pX.39	39	10.8910891089109	chrX	65528840	65529010	GH0XI065528	170	overlap
chrX	65358000	65574000	pX.39	39	10.8910891089109	chrX	65533033	65535661	GH0XI065533	2628	overlap
chrX	65358000	65574000	pX.39	39	10.8910891089109	chrX	65536420	65536570	GH0XI065536	150	overlap
chrX	65484000	65594000	pX.40	40	6.93069306930693	chrX	65528840	65529010	GH0XI065528	170	overlap
chrX	65484000	65594000	pX.40	40	6.93069306930693	chrX	65533033	65535661	GH0XI065533	2628	overlap
chrX	65484000	65594000	pX.40	40	6.93069306930693	chrX	65536420	65536570	GH0XI065536	150	overlap
chrX	65484000	65594000	pX.40	40	6.93069306930693	chrX	65581671	65582797	GH0XI065581	1126	overlap
chrX	65484000	65594000	pX.40	40	6.93069306930693	chrX	65587254	65589630	GH0XI065587	2376	overlap
chrX	65516000	65617000	pX.41	41	6.93069306930693	chrX	65528840	65529010	GH0XI065528	170	overlap
chrX	65516000	65617000	pX.41	41	6.93069306930693	chrX	65533033	65535661	GH0XI065533	2628	overlap
chrX	65516000	65617000	pX.41	41	6.93069306930693	chrX	65536420	65536570	GH0XI065536	150	overlap
chrX	65516000	65617000	pX.41	41	6.93069306930693	chrX	65581671	65582797	GH0XI065581	1126	overlap
chrX	65516000	65617000	pX.41	41	6.93069306930693	chrX	65587254	65589630	GH0XI065587	2376	overlap
chrX	65516000	65617000	pX.41	41	6.93069306930693	chrX	65595040	65599057	GH0XI065595	4017	overlap
chrX	65516000	65617000	pX.41	41	6.93069306930693	chrX	65607180	65607310	GH0XI065607	130	overlap
chrX	65516000	65617000	pX.41	41	6.93069306930693	chrX	65609273	65610330	GH0XI065609	1057	overlap
chrX	65516000	65617000	pX.41	41	6.93069306930693	chrX	65600322	65603161	GH0XI065600	2839	overlap
chrX	65524000	65624000	pX.42	42	6.93069306930693	chrX	65528840	65529010	GH0XI065528	170	overlap
chrX	65524000	65624000	pX.42	42	6.93069306930693	chrX	65533033	65535661	GH0XI065533	2628	overlap
chrX	65524000	65624000	pX.42	42	6.93069306930693	chrX	65536420	65536570	GH0XI065536	150	overlap
chrX	65524000	65624000	pX.42	42	6.93069306930693	chrX	65581671	65582797	GH0XI065581	1126	overlap
chrX	65524000	65624000	pX.42	42	6.93069306930693	chrX	65587254	65589630	GH0XI065587	2376	overlap
chrX	65524000	65624000	pX.42	42	6.93069306930693	chrX	65595040	65599057	GH0XI065595	4017	overlap
chrX	65524000	65624000	pX.42	42	6.93069306930693	chrX	65607180	65607310	GH0XI065607	130	overlap
chrX	65524000	65624000	pX.42	42	6.93069306930693	chrX	65609273	65610330	GH0XI065609	1057	overlap
chrX	65524000	65624000	pX.42	42	6.93069306930693	chrX	65600322	65603161	GH0XI065600	2839	overlap
chrX	65527000	65627000	pX.43	43	6.93069306930693	chrX	65528840	65529010	GH0XI065528	170	overlap
chrX	65527000	65627000	pX.43	43	6.93069306930693	chrX	65533033	65535661	GH0XI065533	2628	overlap
chrX	65527000	65627000	pX.43	43	6.93069306930693	chrX	65536420	65536570	GH0XI065536	150	overlap
chrX	65527000	65627000	pX.43	43	6.93069306930693	chrX	65581671	65582797	GH0XI065581	1126	overlap
chrX	65527000	65627000	pX.43	43	6.93069306930693	chrX	65587254	65589630	GH0XI065587	2376	overlap
chrX	65527000	65627000	pX.43	43	6.93069306930693	chrX	65595040	65599057	GH0XI065595	4017	overlap
chrX	65527000	65627000	pX.43	43	6.93069306930693	chrX	65607180	65607310	GH0XI065607	130	overlap
chrX	65527000	65627000	pX.43	43	6.93069306930693	chrX	65609273	65610330	GH0XI065609	1057	overlap
chrX	65527000	65627000	pX.43	43	6.93069306930693	chrX	65600322	65603161	GH0XI065600	2839	overlap
chrX	65534000	65733000	pX.44	44	9.9009900990099	chrX	65533033	65535661	GH0XI065533	1661	overlap
chrX	65534000	65733000	pX.44	44	9.9009900990099	chrX	65536420	65536570	GH0XI065536	150	overlap
chrX	65534000	65733000	pX.44	44	9.9009900990099	chrX	65581671	65582797	GH0XI065581	1126	overlap
chrX	65534000	65733000	pX.44	44	9.9009900990099	chrX	65587254	65589630	GH0XI065587	2376	overlap
chrX	65534000	65733000	pX.44	44	9.9009900990099	chrX	65595040	65599057	GH0XI065595	4017	overlap
chrX	65534000	65733000	pX.44	44	9.9009900990099	chrX	65607180	65607310	GH0XI065607	130	overlap
chrX	65534000	65733000	pX.44	44	9.9009900990099	chrX	65609273	65610330	GH0XI065609	1057	overlap
chrX	65534000	65733000	pX.44	44	9.9009900990099	chrX	65634713	65636516	GH0XI065634	1803	overlap
chrX	65534000	65733000	pX.44	44	9.9009900990099	chrX	65642505	65645633	GH0XI065642	3128	overlap
chrX	65534000	65733000	pX.44	44	9.9009900990099	chrX	65656178	65657200	GH0XI065656	1022	overlap
chrX	65534000	65733000	pX.44	44	9.9009900990099	chrX	65672233	65672234	GH0XI065672	1	overlap
chrX	65534000	65733000	pX.44	44	9.9009900990099	chrX	65673179	65673329	GH0XI065673	150	overlap
chrX	65534000	65733000	pX.44	44	9.9009900990099	chrX	65673351	65675073	GH0XI065674	1722	overlap
chrX	65534000	65733000	pX.44	44	9.9009900990099	chrX	65676004	65680231	GH0XI065676	4227	overlap
chrX	65534000	65733000	pX.44	44	9.9009900990099	chrX	65680937	65682401	GH0XI065680	1464	overlap
chrX	65534000	65733000	pX.44	44	9.9009900990099	chrX	65682626	65683391	GH0XI065682	765	overlap
chrX	65534000	65733000	pX.44	44	9.9009900990099	chrX	65684801	65692399	GH0XI065684	7598	overlap
chrX	65534000	65733000	pX.44	44	9.9009900990099	chrX	65692769	65693817	GH0XI065692	1048	overlap
chrX	65534000	65733000	pX.44	44	9.9009900990099	chrX	65702401	65708206	GH0XI065702	5805	overlap
chrX	65534000	65733000	pX.44	44	9.9009900990099	chrX	65708659	65711002	GH0XI065708	2343	overlap
chrX	65534000	65733000	pX.44	44	9.9009900990099	chrX	65712000	65712200	GH0XI065712	200	overlap
chrX	65534000	65733000	pX.44	44	9.9009900990099	chrX	65712782	65713424	GH0XI065713	642	overlap
chrX	65534000	65733000	pX.44	44	9.9009900990099	chrX	65716370	65718583	GH0XI065716	2213	overlap
chrX	65534000	65733000	pX.44	44	9.9009900990099	chrX	65719158	65724774	GH0XI065719	5616	overlap
chrX	65534000	65733000	pX.44	44	9.9009900990099	chrX	65725819	65728296	GH0XI065725	2477	overlap
chrX	65534000	65733000	pX.44	44	9.9009900990099	chrX	65600322	65603161	GH0XI065600	2839	overlap
chrX	65534000	65733000	pX.44	44	9.9009900990099	chrX	65633778	65634408	GH0XI065633	630	overlap
chrX	65534000	65733000	pX.44	44	9.9009900990099	chrX	65693984	65701953	GH0XI065693	7969	overlap
chrX	65534000	65733000	pX.44	44	9.9009900990099	chrX	65729794	65736457	GH0XI065729	3206	overlap
chrX	65534000	65733000	pX.44	44	9.9009900990099	chrX	65666764	65672212	GH0XI065666	5448	overlap
chrX	65645000	65844000	pX.45	45	7.92079207920792	chrX	65642505	65645633	GH0XI065642	633	overlap
chrX	65645000	65844000	pX.45	45	7.92079207920792	chrX	65656178	65657200	GH0XI065656	1022	overlap
chrX	65645000	65844000	pX.45	45	7.92079207920792	chrX	65672233	65672234	GH0XI065672	1	overlap
chrX	65645000	65844000	pX.45	45	7.92079207920792	chrX	65673179	65673329	GH0XI065673	150	overlap
chrX	65645000	65844000	pX.45	45	7.92079207920792	chrX	65673351	65675073	GH0XI065674	1722	overlap
chrX	65645000	65844000	pX.45	45	7.92079207920792	chrX	65676004	65680231	GH0XI065676	4227	overlap
chrX	65645000	65844000	pX.45	45	7.92079207920792	chrX	65680937	65682401	GH0XI065680	1464	overlap
chrX	65645000	65844000	pX.45	45	7.92079207920792	chrX	65682626	65683391	GH0XI065682	765	overlap
chrX	65645000	65844000	pX.45	45	7.92079207920792	chrX	65684801	65692399	GH0XI065684	7598	overlap
chrX	65645000	65844000	pX.45	45	7.92079207920792	chrX	65692769	65693817	GH0XI065692	1048	overlap
chrX	65645000	65844000	pX.45	45	7.92079207920792	chrX	65702401	65708206	GH0XI065702	5805	overlap
chrX	65645000	65844000	pX.45	45	7.92079207920792	chrX	65708659	65711002	GH0XI065708	2343	overlap
chrX	65645000	65844000	pX.45	45	7.92079207920792	chrX	65712000	65712200	GH0XI065712	200	overlap
chrX	65645000	65844000	pX.45	45	7.92079207920792	chrX	65712782	65713424	GH0XI065713	642	overlap
chrX	65645000	65844000	pX.45	45	7.92079207920792	chrX	65716370	65718583	GH0XI065716	2213	overlap
chrX	65645000	65844000	pX.45	45	7.92079207920792	chrX	65719158	65724774	GH0XI065719	5616	overlap
chrX	65645000	65844000	pX.45	45	7.92079207920792	chrX	65725819	65728296	GH0XI065725	2477	overlap
chrX	65645000	65844000	pX.45	45	7.92079207920792	chrX	65736956	65739677	GH0XI065736	2721	overlap
chrX	65645000	65844000	pX.45	45	7.92079207920792	chrX	65740565	65741395	GH0XI065740	830	overlap
chrX	65645000	65844000	pX.45	45	7.92079207920792	chrX	65750545	65751814	GH0XI065750	1269	overlap
chrX	65645000	65844000	pX.45	45	7.92079207920792	chrX	65752400	65752600	GH0XI065752	200	overlap
chrX	65645000	65844000	pX.45	45	7.92079207920792	chrX	65757704	65759008	GH0XI065757	1304	overlap
chrX	65645000	65844000	pX.45	45	7.92079207920792	chrX	65821800	65822600	GH0XI065821	800	overlap
chrX	65645000	65844000	pX.45	45	7.92079207920792	chrX	65693984	65701953	GH0XI065693	7969	overlap
chrX	65645000	65844000	pX.45	45	7.92079207920792	chrX	65729794	65736457	GH0XI065729	6663	overlap
chrX	65645000	65844000	pX.45	45	7.92079207920792	chrX	65666764	65672212	GH0XI065666	5448	overlap
chrX	65815000	65990000	pX.46	46	6.93069306930693	chrX	65821800	65822600	GH0XI065821	800	overlap
chrX	65815000	65990000	pX.46	46	6.93069306930693	chrX	65865950	65867318	GH0XI065865	1368	overlap
chrX	65815000	65990000	pX.46	46	6.93069306930693	chrX	65871538	65872691	GH0XI065871	1153	overlap
chrX	65815000	65990000	pX.46	46	6.93069306930693	chrX	65873987	65874815	GH0XI065873	828	overlap
chrX	65815000	65990000	pX.46	46	6.93069306930693	chrX	65894210	65894427	GH0XI065894	217	overlap
chrX	65815000	65990000	pX.46	46	6.93069306930693	chrX	65920206	65921357	GH0XI065920	1151	overlap
chrX	65815000	65990000	pX.46	46	6.93069306930693	chrX	65924595	65927179	GH0XI065924	2584	overlap
chrX	65815000	65990000	pX.46	46	6.93069306930693	chrX	65932011	65934075	GH0XI065932	2064	overlap
chrX	65815000	65990000	pX.46	46	6.93069306930693	chrX	65985697	65988260	GH0XI065985	2563	overlap
chrX	65815000	65990000	pX.46	46	6.93069306930693	chrX	65988423	65993408	GH0XI065988	1577	overlap
chrX	65912000	66015000	pX.47	47	6.93069306930693	chrX	65920206	65921357	GH0XI065920	1151	overlap
chrX	65912000	66015000	pX.47	47	6.93069306930693	chrX	65924595	65927179	GH0XI065924	2584	overlap
chrX	65912000	66015000	pX.47	47	6.93069306930693	chrX	65932011	65934075	GH0XI065932	2064	overlap
chrX	65912000	66015000	pX.47	47	6.93069306930693	chrX	65985697	65988260	GH0XI065985	2563	overlap
chrX	65912000	66015000	pX.47	47	6.93069306930693	chrX	65988423	65993408	GH0XI065988	4985	overlap
chrX	65912000	66015000	pX.47	47	6.93069306930693	chrX	65994943	65995119	GH0XI065994	176	overlap
chrX	65912000	66015000	pX.47	47	6.93069306930693	chrX	65995776	65995855	GH0XI065995	79	overlap
chrX	65912000	66015000	pX.47	47	6.93069306930693	chrX	65996007	66004068	GH0XI065996	8061	overlap
chrX	65912000	66015000	pX.47	47	6.93069306930693	chrX	66004616	66006608	GH0XI066004	1992	overlap
chrX	65912000	66015000	pX.47	47	6.93069306930693	chrX	66006971	66023336	GH0XI066006	8029	overlap
chrX	65932000	66133000	pX.48	48	11.8811881188119	chrX	65932011	65934075	GH0XI065932	2064	overlap
chrX	65932000	66133000	pX.48	48	11.8811881188119	chrX	65985697	65988260	GH0XI065985	2563	overlap
chrX	65932000	66133000	pX.48	48	11.8811881188119	chrX	65988423	65993408	GH0XI065988	4985	overlap
chrX	65932000	66133000	pX.48	48	11.8811881188119	chrX	65994943	65995119	GH0XI065994	176	overlap
chrX	65932000	66133000	pX.48	48	11.8811881188119	chrX	65995776	65995855	GH0XI065995	79	overlap
chrX	65932000	66133000	pX.48	48	11.8811881188119	chrX	65996007	66004068	GH0XI065996	8061	overlap
chrX	65932000	66133000	pX.48	48	11.8811881188119	chrX	66004616	66006608	GH0XI066004	1992	overlap
chrX	65932000	66133000	pX.48	48	11.8811881188119	chrX	66024240	66026161	GH0XI066024	1921	overlap
chrX	65932000	66133000	pX.48	48	11.8811881188119	chrX	66030289	66031848	GH0XI066030	1559	overlap
chrX	65932000	66133000	pX.48	48	11.8811881188119	chrX	66040069	66040129	GH0XI066040	60	overlap
chrX	65932000	66133000	pX.48	48	11.8811881188119	chrX	66045535	66048101	GH0XI066045	2566	overlap
chrX	65932000	66133000	pX.48	48	11.8811881188119	chrX	66049976	66050800	GH0XI066049	824	overlap
chrX	65932000	66133000	pX.48	48	11.8811881188119	chrX	66074484	66075746	GH0XI066074	1262	overlap
chrX	65932000	66133000	pX.48	48	11.8811881188119	chrX	66006971	66023336	GH0XI066006	16365	overlap
chrX	66044000	66176000	pX.49	49	13.8613861386139	chrX	66045535	66048101	GH0XI066045	2566	overlap
chrX	66044000	66176000	pX.49	49	13.8613861386139	chrX	66049976	66050800	GH0XI066049	824	overlap
chrX	66044000	66176000	pX.49	49	13.8613861386139	chrX	66074484	66075746	GH0XI066074	1262	overlap
chrX	66044000	66176000	pX.49	49	13.8613861386139	chrX	66160450	66168421	GH0XI066160	7971	overlap
chrX	66078000	66243000	pX.50	50	11.8811881188119	chrX	66160450	66168421	GH0XI066160	7971	overlap
chrX	66602000	66817000	pX.55	55	29.7029702970297	chrX	66615971	66616031	GH0XI066615	60	overlap
chrX	66602000	66817000	pX.55	55	29.7029702970297	chrX	66622027	66623057	GH0XI066622	1030	overlap
chrX	66602000	66817000	pX.55	55	29.7029702970297	chrX	66676457	66677837	GH0XI066676	1380	overlap
chrX	66602000	66817000	pX.55	55	29.7029702970297	chrX	66728358	66729415	GH0XI066728	1057	overlap
chrX	66602000	66817000	pX.55	55	29.7029702970297	chrX	66632381	66639879	GH0XI066632	7498	overlap
chrX	66790000	66915000	pX.57	57	44.5544554455446	chrX	66900794	66902065	GH0XI066900	1271	overlap
chrX	66790000	66915000	pX.57	57	44.5544554455446	chrX	66914158	66914400	GH0XI066914	242	overlap
chrX	66831000	66933000	pX.58	58	40.5940594059406	chrX	66900794	66902065	GH0XI066900	1271	overlap
chrX	66831000	66933000	pX.58	58	40.5940594059406	chrX	66914158	66914400	GH0XI066914	242	overlap
chrX	66917000	67117000	pX.59	59	34.6534653465347	chrX	67094118	67094368	GH0XI067094	250	overlap
chrX	67025000	67141000	pX.60	60	15.8415841584158	chrX	67094118	67094368	GH0XI067094	250	overlap
chrX	67183000	67474000	pX.61	61	16.8316831683168	chrX	67287543	67289008	GH0XI067287	1465	overlap
chrX	67183000	67474000	pX.61	61	16.8316831683168	chrX	67289358	67289488	GH0XI067290	130	overlap
chrX	67183000	67474000	pX.61	61	16.8316831683168	chrX	67437955	67438241	GH0XI067437	286	overlap
chrX	67183000	67474000	pX.61	61	16.8316831683168	chrX	67289078	67289228	GH0XI067289	150	overlap
chrX	67392000	67498000	pX.62	62	9.9009900990099	chrX	67437955	67438241	GH0XI067437	286	overlap
chrX	67425000	67533000	pX.63	63	8.91089108910891	chrX	67437955	67438241	GH0XI067437	286	overlap
chrX	67465000	67565000	pX.64	64	8.91089108910891	chrX	67543378	67548200	GH0XI067543	4822	overlap
chrX	67465000	67565000	pX.64	64	8.91089108910891	chrX	67563029	67564392	GH0XI067563	1363	overlap
chrX	67477000	67582000	pX.65	65	8.91089108910891	chrX	67543378	67548200	GH0XI067543	4822	overlap
chrX	67477000	67582000	pX.65	65	8.91089108910891	chrX	67563029	67564392	GH0XI067563	1363	overlap
chrX	67503000	67623000	pX.66	66	10.8910891089109	chrX	67543378	67548200	GH0XI067543	4822	overlap
chrX	67503000	67623000	pX.66	66	10.8910891089109	chrX	67563029	67564392	GH0XI067563	1363	overlap
chrX	67503000	67623000	pX.66	66	10.8910891089109	chrX	67604279	67606273	GH0XI067604	1994	overlap
chrX	67503000	67623000	pX.66	66	10.8910891089109	chrX	67607058	67608322	GH0XI067607	1264	overlap
chrX	67503000	67623000	pX.66	66	10.8910891089109	chrX	67612159	67615144	GH0XI067612	2985	overlap
chrX	67503000	67623000	pX.66	66	10.8910891089109	chrX	67619358	67619508	GH0XI067619	150	overlap
chrX	67526000	67705000	pX.67	67	14.8514851485149	chrX	67543378	67548200	GH0XI067543	4822	overlap
chrX	67526000	67705000	pX.67	67	14.8514851485149	chrX	67563029	67564392	GH0XI067563	1363	overlap
chrX	67526000	67705000	pX.67	67	14.8514851485149	chrX	67604279	67606273	GH0XI067604	1994	overlap
chrX	67526000	67705000	pX.67	67	14.8514851485149	chrX	67607058	67608322	GH0XI067607	1264	overlap
chrX	67526000	67705000	pX.67	67	14.8514851485149	chrX	67612159	67615144	GH0XI067612	2985	overlap
chrX	67526000	67705000	pX.67	67	14.8514851485149	chrX	67619358	67619508	GH0XI067619	150	overlap
chrX	67526000	67705000	pX.67	67	14.8514851485149	chrX	67651636	67655303	GH0XI067651	3667	overlap
chrX	67526000	67705000	pX.67	67	14.8514851485149	chrX	67695318	67696159	GH0XI067695	841	overlap
chrX	67616000	67755000	pX.68	68	18.8118811881188	chrX	67619358	67619508	GH0XI067619	150	overlap
chrX	67616000	67755000	pX.68	68	18.8118811881188	chrX	67651636	67655303	GH0XI067651	3667	overlap
chrX	67616000	67755000	pX.68	68	18.8118811881188	chrX	67695318	67696159	GH0XI067695	841	overlap
chrX	67616000	67755000	pX.68	68	18.8118811881188	chrX	67723078	67723228	GH0XI067723	150	overlap
chrX	67660000	67917000	pX.69	69	24.7524752475248	chrX	67695318	67696159	GH0XI067695	841	overlap
chrX	67660000	67917000	pX.69	69	24.7524752475248	chrX	67723078	67723228	GH0XI067723	150	overlap
chrX	67660000	67917000	pX.69	69	24.7524752475248	chrX	67779246	67781971	GH0XI067779	2725	overlap
chrX	68004000	68106000	pX.72	72	12.8712871287129	chrX	68071273	68071648	GH0XI068071	375	overlap
chrX	68004000	68106000	pX.72	72	12.8712871287129	chrX	68084662	68085528	GH0XI068084	866	overlap
chrX	68004000	68106000	pX.72	72	12.8712871287129	chrX	68087638	68087728	GH0XI068087	90	overlap
chrX	68015000	68340000	pX.73	73	19.8019801980198	chrX	68071273	68071648	GH0XI068071	375	overlap
chrX	68015000	68340000	pX.73	73	19.8019801980198	chrX	68084662	68085528	GH0XI068084	866	overlap
chrX	68015000	68340000	pX.73	73	19.8019801980198	chrX	68087638	68087728	GH0XI068087	90	overlap
chrX	68015000	68340000	pX.73	73	19.8019801980198	chrX	68114451	68115759	GH0XI068114	1308	overlap
chrX	68015000	68340000	pX.73	73	19.8019801980198	chrX	68163032	68164228	GH0XI068163	1196	overlap
chrX	68015000	68340000	pX.73	73	19.8019801980198	chrX	68234339	68234852	GH0XI068234	513	overlap
chrX	68015000	68340000	pX.73	73	19.8019801980198	chrX	68249366	68250428	GH0XI068249	1062	overlap
chrX	68015000	68340000	pX.73	73	19.8019801980198	chrX	68307443	68308706	GH0XI068307	1263	overlap
chrX	68015000	68340000	pX.73	73	19.8019801980198	chrX	68332224	68333133	GH0XI068332	909	overlap
chrX	68243000	68345000	pX.74	74	7.92079207920792	chrX	68249366	68250428	GH0XI068249	1062	overlap
chrX	68243000	68345000	pX.74	74	7.92079207920792	chrX	68307443	68308706	GH0XI068307	1263	overlap
chrX	68243000	68345000	pX.74	74	7.92079207920792	chrX	68332224	68333133	GH0XI068332	909	overlap
chrX	68291000	68490000	pX.75	75	11.8811881188119	chrX	68307443	68308706	GH0XI068307	1263	overlap
chrX	68291000	68490000	pX.75	75	11.8811881188119	chrX	68332224	68333133	GH0XI068332	909	overlap
chrX	68291000	68490000	pX.75	75	11.8811881188119	chrX	68365243	68366286	GH0XI068365	1043	overlap
chrX	68291000	68490000	pX.75	75	11.8811881188119	chrX	68405151	68405548	GH0XI068405	397	overlap
chrX	68291000	68490000	pX.75	75	11.8811881188119	chrX	68414703	68415885	GH0XI068414	1182	overlap
chrX	68291000	68490000	pX.75	75	11.8811881188119	chrX	68416718	68416868	GH0XI068416	150	overlap
chrX	68291000	68490000	pX.75	75	11.8811881188119	chrX	68420098	68420248	GH0XI068420	150	overlap
chrX	68291000	68490000	pX.75	75	11.8811881188119	chrX	68428558	68428708	GH0XI068428	150	overlap
chrX	68291000	68490000	pX.75	75	11.8811881188119	chrX	68429058	68429210	GH0XI068430	152	overlap
chrX	68291000	68490000	pX.75	75	11.8811881188119	chrX	68429338	68429488	GH0XI068429	150	overlap
chrX	68291000	68490000	pX.75	75	11.8811881188119	chrX	68432003	68434903	GH0XI068432	2900	overlap
chrX	68291000	68490000	pX.75	75	11.8811881188119	chrX	68438108	68439714	GH0XI068438	1606	overlap
chrX	68291000	68490000	pX.75	75	11.8811881188119	chrX	68440670	68441807	GH0XI068440	1137	overlap
chrX	68291000	68490000	pX.75	75	11.8811881188119	chrX	68443278	68443428	GH0XI068443	150	overlap
chrX	68291000	68490000	pX.75	75	11.8811881188119	chrX	68454573	68455120	GH0XI068454	547	overlap
chrX	68291000	68490000	pX.75	75	11.8811881188119	chrX	68455238	68455388	GH0XI068455	150	overlap
chrX	68291000	68490000	pX.75	75	11.8811881188119	chrX	68462378	68462528	GH0XI068462	150	overlap
chrX	68291000	68490000	pX.75	75	11.8811881188119	chrX	68462599	68463001	GH0XI068463	402	overlap
chrX	68291000	68490000	pX.75	75	11.8811881188119	chrX	68487444	68489433	GH0XI068487	1989	overlap
chrX	68393000	68495000	pX.76	76	6.93069306930693	chrX	68405151	68405548	GH0XI068405	397	overlap
chrX	68393000	68495000	pX.76	76	6.93069306930693	chrX	68414703	68415885	GH0XI068414	1182	overlap
chrX	68393000	68495000	pX.76	76	6.93069306930693	chrX	68416718	68416868	GH0XI068416	150	overlap
chrX	68393000	68495000	pX.76	76	6.93069306930693	chrX	68420098	68420248	GH0XI068420	150	overlap
chrX	68393000	68495000	pX.76	76	6.93069306930693	chrX	68428558	68428708	GH0XI068428	150	overlap
chrX	68393000	68495000	pX.76	76	6.93069306930693	chrX	68429058	68429210	GH0XI068430	152	overlap
chrX	68393000	68495000	pX.76	76	6.93069306930693	chrX	68429338	68429488	GH0XI068429	150	overlap
chrX	68393000	68495000	pX.76	76	6.93069306930693	chrX	68432003	68434903	GH0XI068432	2900	overlap
chrX	68393000	68495000	pX.76	76	6.93069306930693	chrX	68438108	68439714	GH0XI068438	1606	overlap
chrX	68393000	68495000	pX.76	76	6.93069306930693	chrX	68440670	68441807	GH0XI068440	1137	overlap
chrX	68393000	68495000	pX.76	76	6.93069306930693	chrX	68443278	68443428	GH0XI068443	150	overlap
chrX	68393000	68495000	pX.76	76	6.93069306930693	chrX	68454573	68455120	GH0XI068454	547	overlap
chrX	68393000	68495000	pX.76	76	6.93069306930693	chrX	68455238	68455388	GH0XI068455	150	overlap
chrX	68393000	68495000	pX.76	76	6.93069306930693	chrX	68462378	68462528	GH0XI068462	150	overlap
chrX	68393000	68495000	pX.76	76	6.93069306930693	chrX	68462599	68463001	GH0XI068463	402	overlap
chrX	68393000	68495000	pX.76	76	6.93069306930693	chrX	68487444	68489433	GH0XI068487	1989	overlap
chrX	68400000	68506000	pX.77	77	6.93069306930693	chrX	68405151	68405548	GH0XI068405	397	overlap
chrX	68400000	68506000	pX.77	77	6.93069306930693	chrX	68414703	68415885	GH0XI068414	1182	overlap
chrX	68400000	68506000	pX.77	77	6.93069306930693	chrX	68416718	68416868	GH0XI068416	150	overlap
chrX	68400000	68506000	pX.77	77	6.93069306930693	chrX	68420098	68420248	GH0XI068420	150	overlap
chrX	68400000	68506000	pX.77	77	6.93069306930693	chrX	68428558	68428708	GH0XI068428	150	overlap
chrX	68400000	68506000	pX.77	77	6.93069306930693	chrX	68429058	68429210	GH0XI068430	152	overlap
chrX	68400000	68506000	pX.77	77	6.93069306930693	chrX	68429338	68429488	GH0XI068429	150	overlap
chrX	68400000	68506000	pX.77	77	6.93069306930693	chrX	68432003	68434903	GH0XI068432	2900	overlap
chrX	68400000	68506000	pX.77	77	6.93069306930693	chrX	68438108	68439714	GH0XI068438	1606	overlap
chrX	68400000	68506000	pX.77	77	6.93069306930693	chrX	68440670	68441807	GH0XI068440	1137	overlap
chrX	68400000	68506000	pX.77	77	6.93069306930693	chrX	68443278	68443428	GH0XI068443	150	overlap
chrX	68400000	68506000	pX.77	77	6.93069306930693	chrX	68454573	68455120	GH0XI068454	547	overlap
chrX	68400000	68506000	pX.77	77	6.93069306930693	chrX	68455238	68455388	GH0XI068455	150	overlap
chrX	68400000	68506000	pX.77	77	6.93069306930693	chrX	68462378	68462528	GH0XI068462	150	overlap
chrX	68400000	68506000	pX.77	77	6.93069306930693	chrX	68462599	68463001	GH0XI068463	402	overlap
chrX	68400000	68506000	pX.77	77	6.93069306930693	chrX	68487444	68489433	GH0XI068487	1989	overlap
chrX	68400000	68506000	pX.77	77	6.93069306930693	chrX	68496819	68500185	GH0XI068496	3366	overlap
chrX	68400000	68506000	pX.77	77	6.93069306930693	chrX	68503057	68505503	GH0XI068503	2446	overlap
chrX	68423000	68693000	pX.78	78	10.8910891089109	chrX	68428558	68428708	GH0XI068428	150	overlap
chrX	68423000	68693000	pX.78	78	10.8910891089109	chrX	68429058	68429210	GH0XI068430	152	overlap
chrX	68423000	68693000	pX.78	78	10.8910891089109	chrX	68429338	68429488	GH0XI068429	150	overlap
chrX	68423000	68693000	pX.78	78	10.8910891089109	chrX	68432003	68434903	GH0XI068432	2900	overlap
chrX	68423000	68693000	pX.78	78	10.8910891089109	chrX	68438108	68439714	GH0XI068438	1606	overlap
chrX	68423000	68693000	pX.78	78	10.8910891089109	chrX	68440670	68441807	GH0XI068440	1137	overlap
chrX	68423000	68693000	pX.78	78	10.8910891089109	chrX	68443278	68443428	GH0XI068443	150	overlap
chrX	68423000	68693000	pX.78	78	10.8910891089109	chrX	68454573	68455120	GH0XI068454	547	overlap
chrX	68423000	68693000	pX.78	78	10.8910891089109	chrX	68455238	68455388	GH0XI068455	150	overlap
chrX	68423000	68693000	pX.78	78	10.8910891089109	chrX	68462378	68462528	GH0XI068462	150	overlap
chrX	68423000	68693000	pX.78	78	10.8910891089109	chrX	68462599	68463001	GH0XI068463	402	overlap
chrX	68423000	68693000	pX.78	78	10.8910891089109	chrX	68487444	68489433	GH0XI068487	1989	overlap
chrX	68423000	68693000	pX.78	78	10.8910891089109	chrX	68496819	68500185	GH0XI068496	3366	overlap
chrX	68423000	68693000	pX.78	78	10.8910891089109	chrX	68503057	68505503	GH0XI068503	2446	overlap
chrX	68423000	68693000	pX.78	78	10.8910891089109	chrX	68508532	68509844	GH0XI068508	1312	overlap
chrX	68423000	68693000	pX.78	78	10.8910891089109	chrX	68571281	68572400	GH0XI068571	1119	overlap
chrX	68423000	68693000	pX.78	78	10.8910891089109	chrX	68646932	68648508	GH0XI068646	1576	overlap
chrX	68423000	68693000	pX.78	78	10.8910891089109	chrX	68658399	68660486	GH0XI068658	2087	overlap
chrX	68423000	68693000	pX.78	78	10.8910891089109	chrX	68666539	68666970	GH0XI068666	431	overlap
chrX	68423000	68693000	pX.78	78	10.8910891089109	chrX	68669069	68670168	GH0XI068669	1099	overlap
chrX	68423000	68693000	pX.78	78	10.8910891089109	chrX	68672262	68673624	GH0XI068672	1362	overlap
chrX	68423000	68693000	pX.78	78	10.8910891089109	chrX	68680400	68680600	GH0XI068680	200	overlap
chrX	68423000	68693000	pX.78	78	10.8910891089109	chrX	68683777	68687200	GH0XI068683	3423	overlap
chrX	68423000	68693000	pX.78	78	10.8910891089109	chrX	68648685	68649515	GH0XI068648	830	overlap
chrX	68423000	68693000	pX.78	78	10.8910891089109	chrX	68692762	68702200	GH0XI068692	238	overlap
chrX	68423000	68693000	pX.78	78	10.8910891089109	chrX	68681151	68681989	GH0XI068681	838	overlap
chrX	68805000	68968000	pX.79	79	6.93069306930693	chrX	68822777	68822907	GH0XI068822	130	overlap
chrX	68805000	68968000	pX.79	79	6.93069306930693	chrX	68838226	68838396	GH0XI068838	170	overlap
chrX	68805000	68968000	pX.79	79	6.93069306930693	chrX	68839624	68840169	GH0XI068839	545	overlap
chrX	68805000	68968000	pX.79	79	6.93069306930693	chrX	68840304	68840762	GH0XI068840	458	overlap
chrX	68805000	68968000	pX.79	79	6.93069306930693	chrX	68841013	68844811	GH0XI068841	3798	overlap
chrX	68805000	68968000	pX.79	79	6.93069306930693	chrX	68846463	68847307	GH0XI068846	844	overlap
chrX	68805000	68968000	pX.79	79	6.93069306930693	chrX	68847944	68849900	GH0XI068847	1956	overlap
chrX	68805000	68968000	pX.79	79	6.93069306930693	chrX	68867431	68870890	GH0XI068867	3459	overlap
chrX	68805000	68968000	pX.79	79	6.93069306930693	chrX	68879643	68879816	GH0XI068879	173	overlap
chrX	68805000	68968000	pX.79	79	6.93069306930693	chrX	68880383	68881736	GH0XI068880	1353	overlap
chrX	68805000	68968000	pX.79	79	6.93069306930693	chrX	68911847	68913467	GH0XI068911	1620	overlap
chrX	68805000	68968000	pX.79	79	6.93069306930693	chrX	68920223	68921184	GH0XI068920	961	overlap
chrX	68805000	68968000	pX.79	79	6.93069306930693	chrX	68922097	68922247	GH0XI068922	150	overlap
chrX	68805000	68968000	pX.79	79	6.93069306930693	chrX	68929496	68930015	GH0XI068929	519	overlap
chrX	68805000	68968000	pX.79	79	6.93069306930693	chrX	68932697	68932847	GH0XI068932	150	overlap
chrX	68805000	68968000	pX.79	79	6.93069306930693	chrX	68933005	68933191	GH0XI068933	186	overlap
chrX	68805000	68968000	pX.79	79	6.93069306930693	chrX	68933977	68935597	GH0XI068934	1620	overlap
chrX	68805000	68968000	pX.79	79	6.93069306930693	chrX	68935601	68937387	GH0XI068935	1786	overlap
chrX	68805000	68968000	pX.79	79	6.93069306930693	chrX	68938400	68938801	GH0XI068938	401	overlap
chrX	68805000	68968000	pX.79	79	6.93069306930693	chrX	68945677	68945827	GH0XI068945	150	overlap
chrX	68805000	68968000	pX.79	79	6.93069306930693	chrX	68827597	68835684	GH0XI068827	8087	overlap
chrX	68805000	68968000	pX.79	79	6.93069306930693	chrX	68845525	68846307	GH0XI068845	782	overlap
chrX	68805000	68968000	pX.79	79	6.93069306930693	chrX	68893831	68896310	GH0XI068893	2479	overlap
chrX	68881000	68994000	pX.80	80	5.94059405940594	chrX	68880383	68881736	GH0XI068880	736	overlap
chrX	68881000	68994000	pX.80	80	5.94059405940594	chrX	68911847	68913467	GH0XI068911	1620	overlap
chrX	68881000	68994000	pX.80	80	5.94059405940594	chrX	68920223	68921184	GH0XI068920	961	overlap
chrX	68881000	68994000	pX.80	80	5.94059405940594	chrX	68922097	68922247	GH0XI068922	150	overlap
chrX	68881000	68994000	pX.80	80	5.94059405940594	chrX	68929496	68930015	GH0XI068929	519	overlap
chrX	68881000	68994000	pX.80	80	5.94059405940594	chrX	68932697	68932847	GH0XI068932	150	overlap
chrX	68881000	68994000	pX.80	80	5.94059405940594	chrX	68933005	68933191	GH0XI068933	186	overlap
chrX	68881000	68994000	pX.80	80	5.94059405940594	chrX	68933977	68935597	GH0XI068934	1620	overlap
chrX	68881000	68994000	pX.80	80	5.94059405940594	chrX	68935601	68937387	GH0XI068935	1786	overlap
chrX	68881000	68994000	pX.80	80	5.94059405940594	chrX	68938400	68938801	GH0XI068938	401	overlap
chrX	68881000	68994000	pX.80	80	5.94059405940594	chrX	68945677	68945827	GH0XI068945	150	overlap
chrX	68881000	68994000	pX.80	80	5.94059405940594	chrX	68989390	68991019	GH0XI068989	1629	overlap
chrX	68881000	68994000	pX.80	80	5.94059405940594	chrX	68893831	68896310	GH0XI068893	2479	overlap
chrX	68925000	69027000	pX.81	81	5.94059405940594	chrX	68929496	68930015	GH0XI068929	519	overlap
chrX	68925000	69027000	pX.81	81	5.94059405940594	chrX	68932697	68932847	GH0XI068932	150	overlap
chrX	68925000	69027000	pX.81	81	5.94059405940594	chrX	68933005	68933191	GH0XI068933	186	overlap
chrX	68925000	69027000	pX.81	81	5.94059405940594	chrX	68933977	68935597	GH0XI068934	1620	overlap
chrX	68925000	69027000	pX.81	81	5.94059405940594	chrX	68935601	68937387	GH0XI068935	1786	overlap
chrX	68925000	69027000	pX.81	81	5.94059405940594	chrX	68938400	68938801	GH0XI068938	401	overlap
chrX	68925000	69027000	pX.81	81	5.94059405940594	chrX	68945677	68945827	GH0XI068945	150	overlap
chrX	68925000	69027000	pX.81	81	5.94059405940594	chrX	68989390	68991019	GH0XI068989	1629	overlap
chrX	68925000	69027000	pX.81	81	5.94059405940594	chrX	68994454	68994998	GH0XI068994	544	overlap
chrX	68925000	69027000	pX.81	81	5.94059405940594	chrX	68995026	69000868	GH0XI068995	5842	overlap
chrX	68925000	69027000	pX.81	81	5.94059405940594	chrX	69023943	69029296	GH0XI069023	3057	overlap
chrX	68968000	69085000	pX.82	82	5.94059405940594	chrX	68989390	68991019	GH0XI068989	1629	overlap
chrX	68968000	69085000	pX.82	82	5.94059405940594	chrX	68994454	68994998	GH0XI068994	544	overlap
chrX	68968000	69085000	pX.82	82	5.94059405940594	chrX	68995026	69000868	GH0XI068995	5842	overlap
chrX	68968000	69085000	pX.82	82	5.94059405940594	chrX	69031440	69034007	GH0XI069031	2567	overlap
chrX	68968000	69085000	pX.82	82	5.94059405940594	chrX	69060084	69060842	GH0XI069060	758	overlap
chrX	68968000	69085000	pX.82	82	5.94059405940594	chrX	69082487	69083722	GH0XI069082	1235	overlap
chrX	68968000	69085000	pX.82	82	5.94059405940594	chrX	69023943	69029296	GH0XI069023	5353	overlap
chrX	69064000	69344000	pX.83	83	9.9009900990099	chrX	69082487	69083722	GH0XI069082	1235	overlap
chrX	69064000	69344000	pX.83	83	9.9009900990099	chrX	69087340	69087449	GH0XI069088	109	overlap
chrX	69064000	69344000	pX.83	83	9.9009900990099	chrX	69087588	69090418	GH0XI069087	2830	overlap
chrX	69064000	69344000	pX.83	83	9.9009900990099	chrX	69097637	69097787	GH0XI069097	150	overlap
chrX	69064000	69344000	pX.83	83	9.9009900990099	chrX	69101960	69103636	GH0XI069101	1676	overlap
chrX	69064000	69344000	pX.83	83	9.9009900990099	chrX	69104073	69105683	GH0XI069104	1610	overlap
chrX	69064000	69344000	pX.83	83	9.9009900990099	chrX	69115757	69116798	GH0XI069115	1041	overlap
chrX	69064000	69344000	pX.83	83	9.9009900990099	chrX	69128600	69129000	GH0XI069128	400	overlap
chrX	69064000	69344000	pX.83	83	9.9009900990099	chrX	69133977	69134227	GH0XI069133	250	overlap
chrX	69064000	69344000	pX.83	83	9.9009900990099	chrX	69136124	69138987	GH0XI069136	2863	overlap
chrX	69064000	69344000	pX.83	83	9.9009900990099	chrX	69148845	69151754	GH0XI069148	2909	overlap
chrX	69064000	69344000	pX.83	83	9.9009900990099	chrX	69152045	69154346	GH0XI069152	2301	overlap
chrX	69064000	69344000	pX.83	83	9.9009900990099	chrX	69158165	69159326	GH0XI069158	1161	overlap
chrX	69064000	69344000	pX.83	83	9.9009900990099	chrX	69163606	69166200	GH0XI069163	2594	overlap
chrX	69064000	69344000	pX.83	83	9.9009900990099	chrX	69179517	69179667	GH0XI069179	150	overlap
chrX	69064000	69344000	pX.83	83	9.9009900990099	chrX	69195357	69195507	GH0XI069195	150	overlap
chrX	69064000	69344000	pX.83	83	9.9009900990099	chrX	69221377	69221527	GH0XI069223	150	overlap
chrX	69064000	69344000	pX.83	83	9.9009900990099	chrX	69221577	69221767	GH0XI069221	190	overlap
chrX	69064000	69344000	pX.83	83	9.9009900990099	chrX	69221817	69222160	GH0XI069224	343	overlap
chrX	69064000	69344000	pX.83	83	9.9009900990099	chrX	69222817	69222967	GH0XI069222	150	overlap
chrX	69064000	69344000	pX.83	83	9.9009900990099	chrX	69277422	69279125	GH0XI069277	1703	overlap
chrX	69064000	69344000	pX.83	83	9.9009900990099	chrX	69284957	69286684	GH0XI069284	1727	overlap
chrX	69064000	69344000	pX.83	83	9.9009900990099	chrX	69305432	69306360	GH0XI069305	928	overlap
chrX	69064000	69344000	pX.83	83	9.9009900990099	chrX	69307797	69307887	GH0XI069307	90	overlap
chrX	69064000	69344000	pX.83	83	9.9009900990099	chrX	69308435	69310626	GH0XI069308	2191	overlap
chrX	69064000	69344000	pX.83	83	9.9009900990099	chrX	69106348	69110679	GH0XI069106	4331	overlap
chrX	69064000	69344000	pX.83	83	9.9009900990099	chrX	69222197	69222407	GH0XI069225	210	overlap
chrX	69262000	69374000	pX.84	84	5.94059405940594	chrX	69277422	69279125	GH0XI069277	1703	overlap
chrX	69262000	69374000	pX.84	84	5.94059405940594	chrX	69284957	69286684	GH0XI069284	1727	overlap
chrX	69262000	69374000	pX.84	84	5.94059405940594	chrX	69305432	69306360	GH0XI069305	928	overlap
chrX	69262000	69374000	pX.84	84	5.94059405940594	chrX	69307797	69307887	GH0XI069307	90	overlap
chrX	69262000	69374000	pX.84	84	5.94059405940594	chrX	69308435	69310626	GH0XI069308	2191	overlap
chrX	69262000	69374000	pX.84	84	5.94059405940594	chrX	69357477	69357627	GH0XI069357	150	overlap
chrX	69262000	69374000	pX.84	84	5.94059405940594	chrX	69360776	69363912	GH0XI069360	3136	overlap
chrX	69288000	69404000	pX.85	85	6.93069306930693	chrX	69305432	69306360	GH0XI069305	928	overlap
chrX	69288000	69404000	pX.85	85	6.93069306930693	chrX	69307797	69307887	GH0XI069307	90	overlap
chrX	69288000	69404000	pX.85	85	6.93069306930693	chrX	69308435	69310626	GH0XI069308	2191	overlap
chrX	69288000	69404000	pX.85	85	6.93069306930693	chrX	69357477	69357627	GH0XI069357	150	overlap
chrX	69288000	69404000	pX.85	85	6.93069306930693	chrX	69360776	69363912	GH0XI069360	3136	overlap
chrX	69288000	69404000	pX.85	85	6.93069306930693	chrX	69387697	69387787	GH0XI069387	90	overlap
chrX	69288000	69404000	pX.85	85	6.93069306930693	chrX	69395065	69395970	GH0XI069395	905	overlap
chrX	69288000	69404000	pX.85	85	6.93069306930693	chrX	69396997	69397147	GH0XI069396	150	overlap
chrX	69309000	69487000	pX.86	86	7.92079207920792	chrX	69308435	69310626	GH0XI069308	1626	overlap
chrX	69309000	69487000	pX.86	86	7.92079207920792	chrX	69357477	69357627	GH0XI069357	150	overlap
chrX	69309000	69487000	pX.86	86	7.92079207920792	chrX	69360776	69363912	GH0XI069360	3136	overlap
chrX	69309000	69487000	pX.86	86	7.92079207920792	chrX	69387697	69387787	GH0XI069387	90	overlap
chrX	69309000	69487000	pX.86	86	7.92079207920792	chrX	69395065	69395970	GH0XI069395	905	overlap
chrX	69309000	69487000	pX.86	86	7.92079207920792	chrX	69396997	69397147	GH0XI069396	150	overlap
chrX	69309000	69487000	pX.86	86	7.92079207920792	chrX	69429737	69429887	GH0XI069429	150	overlap
chrX	69309000	69487000	pX.86	86	7.92079207920792	chrX	69430977	69431087	GH0XI069430	110	overlap
chrX	69425000	69528000	pX.87	87	6.93069306930693	chrX	69429737	69429887	GH0XI069429	150	overlap
chrX	69425000	69528000	pX.87	87	6.93069306930693	chrX	69430977	69431087	GH0XI069430	110	overlap
chrX	69425000	69528000	pX.87	87	6.93069306930693	chrX	69493400	69493600	GH0XI069493	200	overlap
chrX	69425000	69528000	pX.87	87	6.93069306930693	chrX	69503297	69505600	GH0XI069503	2303	overlap
chrX	69440000	69595000	pX.88	88	8.91089108910891	chrX	69493400	69493600	GH0XI069493	200	overlap
chrX	69440000	69595000	pX.88	88	8.91089108910891	chrX	69503297	69505600	GH0XI069503	2303	overlap
chrX	69440000	69595000	pX.88	88	8.91089108910891	chrX	69538212	69539000	GH0XI069538	788	overlap
chrX	69440000	69595000	pX.88	88	8.91089108910891	chrX	69551254	69558583	GH0XI069551	7329	overlap
chrX	69498000	69624000	pX.89	89	6.93069306930693	chrX	69503297	69505600	GH0XI069503	2303	overlap
chrX	69498000	69624000	pX.89	89	6.93069306930693	chrX	69538212	69539000	GH0XI069538	788	overlap
chrX	69498000	69624000	pX.89	89	6.93069306930693	chrX	69551254	69558583	GH0XI069551	7329	overlap
chrX	69498000	69624000	pX.89	89	6.93069306930693	chrX	69602910	69606024	GH0XI069602	3114	overlap
chrX	69498000	69624000	pX.89	89	6.93069306930693	chrX	69613576	69618661	GH0XI069613	5085	overlap
chrX	69530000	69646000	pX.90	90	5.94059405940594	chrX	69538212	69539000	GH0XI069538	788	overlap
chrX	69530000	69646000	pX.90	90	5.94059405940594	chrX	69551254	69558583	GH0XI069551	7329	overlap
chrX	69530000	69646000	pX.90	90	5.94059405940594	chrX	69602910	69606024	GH0XI069602	3114	overlap
chrX	69530000	69646000	pX.90	90	5.94059405940594	chrX	69632006	69632272	GH0XI069632	266	overlap
chrX	69530000	69646000	pX.90	90	5.94059405940594	chrX	69613576	69618661	GH0XI069613	5085	overlap
chrX	69885000	70024000	pX.92	92	5.94059405940594	chrX	69994365	69996164	GH0XI069994	1799	overlap
chrX	69885000	70024000	pX.92	92	5.94059405940594	chrX	70013037	70014586	GH0XI070013	1549	overlap
chrX	69885000	70024000	pX.92	92	5.94059405940594	chrX	70022377	70024846	GH0XI070022	1623	overlap
chrX	69944000	70049000	pX.93	93	5.94059405940594	chrX	69994365	69996164	GH0XI069994	1799	overlap
chrX	69944000	70049000	pX.93	93	5.94059405940594	chrX	70013037	70014586	GH0XI070013	1549	overlap
chrX	69944000	70049000	pX.93	93	5.94059405940594	chrX	70022377	70024846	GH0XI070022	2469	overlap
chrX	69944000	70049000	pX.93	93	5.94059405940594	chrX	70029718	70030656	GH0XI070029	938	overlap
chrX	72481000	72585000	pX.94	94	5.94059405940594	chrX	72494669	72495470	GH0XI072494	801	overlap
chrX	72481000	72585000	pX.94	94	5.94059405940594	chrX	72526750	72527787	GH0XI072526	1037	overlap
chrX	72481000	72585000	pX.94	94	5.94059405940594	chrX	72554180	72555322	GH0XI072554	1142	overlap
chrX	72481000	72585000	pX.94	94	5.94059405940594	chrX	72571800	72573700	GH0XI072571	1900	overlap
chrX	72481000	72585000	pX.94	94	5.94059405940594	chrX	72576400	72576997	GH0XI072576	597	overlap
chrX	73019000	73161000	pX.95	95	5.94059405940594	chrX	73079455	73079515	GH0XI073079	60	overlap
chrX	73019000	73161000	pX.95	95	5.94059405940594	chrX	73128101	73128251	GH0XI073128	150	overlap
chrX	77157000	77356000	pX.96	96	6.93069306930693	chrX	77354411	77354475	GH0XI077354	64	overlap
chrX	85907000	86011000	pX.97	97	5.94059405940594	chrX	85910663	85910919	GH0XI085910	256	overlap
chrX	85907000	86011000	pX.97	97	5.94059405940594	chrX	85922915	85923201	GH0XI085922	286	overlap
chrX	85907000	86011000	pX.97	97	5.94059405940594	chrX	85992537	85994480	GH0XI085992	1943	overlap
chrX	85907000	86011000	pX.97	97	5.94059405940594	chrX	85996676	85996826	GH0XI085996	150	overlap
chrX	85907000	86011000	pX.97	97	5.94059405940594	chrX	86001976	86003000	GH0XI086001	1024	overlap
chrX	85998000	86106000	pX.98	98	6.93069306930693	chrX	86001976	86003000	GH0XI086001	1024	overlap
chrX	85998000	86106000	pX.98	98	6.93069306930693	chrX	86023743	86024120	GH0XI086023	377	overlap
chrX	85998000	86106000	pX.98	98	6.93069306930693	chrX	86025765	86026141	GH0XI086025	376	overlap
chrX	85998000	86106000	pX.98	98	6.93069306930693	chrX	86039507	86039781	GH0XI086039	274	overlap
chrX	85998000	86106000	pX.98	98	6.93069306930693	chrX	86045999	86048400	GH0XI086046	2401	overlap
chrX	85998000	86106000	pX.98	98	6.93069306930693	chrX	86084966	86085968	GH0XI086084	1002	overlap
chrX	85998000	86106000	pX.98	98	6.93069306930693	chrX	86086387	86086447	GH0XI086086	60	overlap
chrX	89385000	89583000	pX.100	100	7.92079207920792	chrX	89432921	89433071	GH0XI089432	150	overlap
chrX	129405000	129531000	pX.103	103	5.94059405940594	chrX	129510043	129511295	GH0XI129510	1252	overlap
chrX	129405000	129531000	pX.103	103	5.94059405940594	chrX	129519684	129520867	GH0XI129519	1183	overlap
chrX	129405000	129531000	pX.103	103	5.94059405940594	chrX	129521199	129524453	GH0XI129521	3254	overlap
chrX	131367000	131567000	pX.104	104	6.93069306930693	chrX	131476932	131479162	GH0XI131476	2230	overlap
chrX	131367000	131567000	pX.104	104	6.93069306930693	chrX	131544037	131544097	GH0XI131544	60	overlap
chrX	131367000	131567000	pX.104	104	6.93069306930693	chrX	131564986	131565136	GH0XI131564	150	overlap
chrX	131367000	131567000	pX.104	104	6.93069306930693	chrX	131566066	131566216	GH0XI131566	150	overlap
chrX	136776000	136979000	pX.105	105	12.8712871287129	chrX	136778000	136784912	GH0XI136778	6912	overlap
chrX	136776000	136979000	pX.105	105	12.8712871287129	chrX	136835812	136836170	GH0XI136835	358	overlap
chrX	136776000	136979000	pX.105	105	12.8712871287129	chrX	136850201	136850999	GH0XI136850	798	overlap
chrX	136776000	136979000	pX.105	105	12.8712871287129	chrX	136856200	136857018	GH0XI136856	818	overlap
chrX	136776000	136979000	pX.105	105	12.8712871287129	chrX	136858471	136858715	GH0XI136858	244	overlap
chrX	136776000	136979000	pX.105	105	12.8712871287129	chrX	136878600	136881539	GH0XI136878	2939	overlap
chrX	136776000	136979000	pX.105	105	12.8712871287129	chrX	136884003	136885383	GH0XI136884	1380	overlap
chrX	136776000	136979000	pX.105	105	12.8712871287129	chrX	136885856	136886862	GH0XI136885	1006	overlap
chrX	136776000	136979000	pX.105	105	12.8712871287129	chrX	136898509	136899551	GH0XI136898	1042	overlap
chrX	136776000	136979000	pX.105	105	12.8712871287129	chrX	136908799	136911430	GH0XI136908	2631	overlap
chrX	136776000	136979000	pX.105	105	12.8712871287129	chrX	136925000	136925711	GH0XI136925	711	overlap
chrX	136776000	136979000	pX.105	105	12.8712871287129	chrX	136931761	136931911	GH0XI136931	150	overlap
chrX	136776000	136979000	pX.105	105	12.8712871287129	chrX	136935204	136936396	GH0XI136935	1192	overlap
