chrX	163000	348000	pX.1	1	13.8613861386139	chrX	356601	358199	GH0XI000356	8602	nearby
chrX	163000	348000	pX.1	1	13.8613861386139	chrX	367923	371831	GH0XI000367	19924	nearby
chrX	163000	348000	pX.1	1	13.8613861386139	chrX	372000	372400	GH0XI000372	24001	nearby
chrX	163000	348000	pX.1	1	13.8613861386139	chrX	373399	374201	GH0XI000373	25400	nearby
chrX	264000	382000	pX.2	2	16.8316831683168	chrX	261074	262957	GH0XI000261	-1044	nearby
chrX	264000	382000	pX.2	2	16.8316831683168	chrX	385800	388000	GH0XI000385	3801	nearby
chrX	264000	382000	pX.2	2	16.8316831683168	chrX	249800	251200	GH0XI000249	-12801	nearby
chrX	264000	382000	pX.2	2	16.8316831683168	chrX	397417	398415	GH0XI000397	15418	nearby
chrX	308000	612000	pX.3	3	21.7821782178218	chrX	280599	284001	GH0XI000280	-24000	nearby
chrX	308000	612000	pX.3	3	21.7821782178218	chrX	278624	280423	GH0XI000278	-27578	nearby
chrX	308000	612000	pX.3	3	21.7821782178218	chrX	275799	277401	GH0XI000275	-30600	nearby
chrX	308000	612000	pX.3	3	21.7821782178218	chrX	270720	271354	GH0XI000270	-36647	nearby
chrX	517000	617000	pX.4	4	7.92079207920792	chrX	499710	500600	GH0XI000499	-16401	nearby
chrX	517000	617000	pX.4	4	7.92079207920792	chrX	698200	698800	GH0XI000698	81201	nearby
chrX	517000	617000	pX.4	4	7.92079207920792	chrX	413095	414388	GH0XI000413	-102613	nearby
chrX	517000	617000	pX.4	4	7.92079207920792	chrX	397417	398415	GH0XI000397	-118586	nearby
chrX	527000	658000	pX.5	5	8.91089108910891	chrX	499710	500600	GH0XI000499	-26401	nearby
chrX	527000	658000	pX.5	5	8.91089108910891	chrX	698200	698800	GH0XI000698	40201	nearby
chrX	527000	658000	pX.5	5	8.91089108910891	chrX	413095	414388	GH0XI000413	-112613	nearby
chrX	527000	658000	pX.5	5	8.91089108910891	chrX	397417	398415	GH0XI000397	-128586	nearby
chrX	638000	755000	pX.6	6	6.93069306930693	chrX	499710	500600	GH0XI000499	-137401	nearby
chrX	638000	755000	pX.6	6	6.93069306930693	chrX	413095	414388	GH0XI000413	-223613	nearby
chrX	638000	755000	pX.6	6	6.93069306930693	chrX	989600	991000	GH0XI000989	234601	nearby
chrX	638000	755000	pX.6	6	6.93069306930693	chrX	397417	398415	GH0XI000397	-239586	nearby
chrX	666000	837000	pX.7	7	9.9009900990099	chrX	989600	991000	GH0XI000989	152601	nearby
chrX	666000	837000	pX.7	7	9.9009900990099	chrX	499710	500600	GH0XI000499	-165401	nearby
chrX	666000	837000	pX.7	7	9.9009900990099	chrX	1023000	1023400	GH0XI001023	186001	nearby
chrX	666000	837000	pX.7	7	9.9009900990099	chrX	1025600	1025800	GH0XI001025	188601	nearby
chrX	818000	1085000	pX.8	8	9.9009900990099	chrX	1164687	1165056	GH0XI001164	79688	nearby
chrX	818000	1085000	pX.8	8	9.9009900990099	chrX	1165680	1166277	GH0XI001165	80681	nearby
chrX	818000	1085000	pX.8	8	9.9009900990099	chrX	1178600	1179000	GH0XI001178	93601	nearby
chrX	818000	1085000	pX.8	8	9.9009900990099	chrX	698200	698800	GH0XI000698	-119201	nearby
chrX	1002000	1113000	pX.9	9	6.93069306930693	chrX	989600	991000	GH0XI000989	-11001	nearby
chrX	1002000	1113000	pX.9	9	6.93069306930693	chrX	1164687	1165056	GH0XI001164	51688	nearby
chrX	1002000	1113000	pX.9	9	6.93069306930693	chrX	1165680	1166277	GH0XI001165	52681	nearby
chrX	1002000	1113000	pX.9	9	6.93069306930693	chrX	1178600	1179000	GH0XI001178	65601	nearby
chrX	1044000	1236000	pX.10	10	9.9009900990099	chrX	1239400	1240400	GH0XI001239	3401	nearby
chrX	1044000	1236000	pX.10	10	9.9009900990099	chrX	1242800	1243400	GH0XI001242	6801	nearby
chrX	1044000	1236000	pX.10	10	9.9009900990099	chrX	1246600	1247200	GH0XI001246	10601	nearby
chrX	1044000	1236000	pX.10	10	9.9009900990099	chrX	1247967	1250400	GH0XI001247	11968	nearby
chrX	1141000	1398000	pX.11	11	14.8514851485149	chrX	1405490	1405823	GH0XI001405	7491	nearby
chrX	1141000	1398000	pX.11	11	14.8514851485149	chrX	1451599	1451801	GH0XI001451	53600	nearby
chrX	1141000	1398000	pX.11	11	14.8514851485149	chrX	1451999	1454401	GH0XI001452	54000	nearby
chrX	1141000	1398000	pX.11	11	14.8514851485149	chrX	1457003	1457932	GH0XI001457	59004	nearby
chrX	1482000	1589000	pX.12	12	5.94059405940594	chrX	1589400	1590000	GH0XI001589	401	nearby
chrX	1482000	1589000	pX.12	12	5.94059405940594	chrX	1590200	1590400	GH0XI001590	1201	nearby
chrX	1482000	1589000	pX.12	12	5.94059405940594	chrX	1591200	1593001	GH0XI001591	2201	nearby
chrX	1482000	1589000	pX.12	12	5.94059405940594	chrX	1477374	1478538	GH0XI001477	-3463	nearby
chrX	1541000	1740000	pX.13	13	9.9009900990099	chrX	1535199	1537601	GH0XI001535	-3400	nearby
chrX	1541000	1740000	pX.13	13	9.9009900990099	chrX	1530761	1532294	GH0XI001530	-8707	nearby
chrX	1541000	1740000	pX.13	13	9.9009900990099	chrX	1526899	1530534	GH0XI001526	-10467	nearby
chrX	1541000	1740000	pX.13	13	9.9009900990099	chrX	1525458	1525664	GH0XI001525	-15337	nearby
chrX	1718000	1926000	pX.14	14	13.8613861386139	chrX	1660862	1662600	GH0XI001660	-55401	nearby
chrX	1718000	1926000	pX.14	14	13.8613861386139	chrX	1657200	1658600	GH0XI001657	-59401	nearby
chrX	1718000	1926000	pX.14	14	13.8613861386139	chrX	1621000	1621200	GH0XI001621	-96801	nearby
chrX	1718000	1926000	pX.14	14	13.8613861386139	chrX	1615114	1615174	GH0XI001615	-102827	nearby
chrX	2098000	2297000	pX.15	15	16.8316831683168	chrX	2320401	2321800	GH0XI002320	23402	nearby
chrX	2098000	2297000	pX.15	15	16.8316831683168	chrX	2324800	2325894	GH0XI002324	27801	nearby
chrX	2098000	2297000	pX.15	15	16.8316831683168	chrX	2351237	2352999	GH0XI002351	54238	nearby
chrX	2098000	2297000	pX.15	15	16.8316831683168	chrX	2358400	2358600	GH0XI002358	61401	nearby
chrX	16083000	16283000	pX.16	16	9.9009900990099	chrX	16312393	16313555	GH0XI016312	29394	nearby
chrX	16083000	16283000	pX.16	16	9.9009900990099	chrX	16313637	16314606	GH0XI016313	30638	nearby
chrX	16083000	16283000	pX.16	16	9.9009900990099	chrX	16050328	16050939	GH0XI016050	-32062	nearby
chrX	16083000	16283000	pX.16	16	9.9009900990099	chrX	16320344	16321187	GH0XI016320	37345	nearby
chrX	25311000	25417000	pX.17	17	5.94059405940594	chrX	25523183	25524717	GH0XI025523	106184	nearby
chrX	25311000	25417000	pX.17	17	5.94059405940594	chrX	25646333	25646619	GH0XI025646	229334	nearby
chrX	25311000	25417000	pX.17	17	5.94059405940594	chrX	25650450	25650665	GH0XI025650	233451	nearby
chrX	25311000	25417000	pX.17	17	5.94059405940594	chrX	25052903	25053053	GH0XI025052	-257948	nearby
chrX	30354000	30554000	pX.18	18	6.93069306930693	chrX	30560316	30562507	GH0XI030560	6317	nearby
chrX	30354000	30554000	pX.18	18	6.93069306930693	chrX	30563026	30563249	GH0XI030563	9027	nearby
chrX	30354000	30554000	pX.18	18	6.93069306930693	chrX	30568062	30568689	GH0XI030568	14063	nearby
chrX	30354000	30554000	pX.18	18	6.93069306930693	chrX	30571000	30571200	GH0XI030571	17001	nearby
chrX	30503000	30702000	pX.19	19	6.93069306930693	chrX	30702442	30703662	GH0XI030702	443	nearby
chrX	30503000	30702000	pX.19	19	6.93069306930693	chrX	30713123	30713273	GH0XI030713	11124	nearby
chrX	30503000	30702000	pX.19	19	6.93069306930693	chrX	30726288	30726646	GH0XI030726	24289	nearby
chrX	30503000	30702000	pX.19	19	6.93069306930693	chrX	30735903	30736053	GH0XI030735	33904	nearby
chrX	32372000	32493000	pX.20	20	5.94059405940594	chrX	32246953	32247070	GH0XI032246	-124931	nearby
chrX	32372000	32493000	pX.20	20	5.94059405940594	chrX	32667772	32667786	GH0XI032667	174773	nearby
chrX	32372000	32493000	pX.20	20	5.94059405940594	chrX	32154696	32155540	GH0XI032154	-216461	nearby
chrX	32372000	32493000	pX.20	20	5.94059405940594	chrX	32871338	32872402	GH0XI032871	378339	nearby
chrX	34720000	34920000	pX.21	21	5.94059405940594	chrX	34942746	34942806	GH0XI034942	22747	nearby
chrX	34720000	34920000	pX.21	21	5.94059405940594	chrX	34653374	34658201	GH0XI034653	-61800	nearby
chrX	34720000	34920000	pX.21	21	5.94059405940594	chrX	34631923	34632073	GH0XI034631	-87928	nearby
chrX	34720000	34920000	pX.21	21	5.94059405940594	chrX	34627356	34627587	GH0XI034627	-92414	nearby
chrX	40112000	40261000	pX.22	22	5.94059405940594	chrX	40261427	40263972	GH0XI040261	428	nearby
chrX	40112000	40261000	pX.22	22	5.94059405940594	chrX	40103930	40110572	GH0XI040103	-1429	nearby
chrX	40112000	40261000	pX.22	22	5.94059405940594	chrX	40265567	40268483	GH0XI040265	4568	nearby
chrX	40112000	40261000	pX.22	22	5.94059405940594	chrX	40101928	40102616	GH0XI040104	-9385	nearby
chrX	44987000	45109000	pX.23	23	5.94059405940594	chrX	45111880	45112315	GH0XI045111	2881	nearby
chrX	44987000	45109000	pX.23	23	5.94059405940594	chrX	44973933	44976293	GH0XI044973	-10708	nearby
chrX	44987000	45109000	pX.23	23	5.94059405940594	chrX	45128180	45129929	GH0XI045128	19181	nearby
chrX	44987000	45109000	pX.23	23	5.94059405940594	chrX	45133815	45134632	GH0XI045133	24816	nearby
chrX	48573000	48773000	pX.24	24	17.8217821782178	chrX	48569800	48570994	GH0XI048569	-2007	nearby
chrX	48573000	48773000	pX.24	24	17.8217821782178	chrX	48776467	48777731	GH0XI048776	3468	nearby
chrX	48573000	48773000	pX.24	24	17.8217821782178	chrX	48782533	48783734	GH0XI048782	9534	nearby
chrX	48573000	48773000	pX.24	24	17.8217821782178	chrX	48785470	48788954	GH0XI048785	12471	nearby
chrX	56913000	57112000	pX.25	25	7.92079207920792	chrX	57120400	57122600	GH0XI057120	8401	nearby
chrX	56913000	57112000	pX.25	25	7.92079207920792	chrX	57136400	57138237	GH0XI057136	24401	nearby
chrX	56913000	57112000	pX.25	25	7.92079207920792	chrX	57176823	57177877	GH0XI057176	64824	nearby
chrX	56913000	57112000	pX.25	25	7.92079207920792	chrX	56811768	56814899	GH0XI056811	-98102	nearby
chrX	62416000	62566000	pX.26	26	8.91089108910891	chrX	63186334	63186384	GH0XI063186	620335	nearby
chrX	62416000	62566000	pX.26	26	8.91089108910891	chrX	63204400	63204800	GH0XI063204	638401	nearby
chrX	62416000	62566000	pX.26	26	8.91089108910891	chrX	63349000	63352000	GH0XI063349	783001	nearby
chrX	62416000	62566000	pX.26	26	8.91089108910891	chrX	63408066	63408626	GH0XI063408	842067	nearby
chrX	62589000	62744000	pX.27	27	6.93069306930693	chrX	63186334	63186384	GH0XI063186	442335	nearby
chrX	62589000	62744000	pX.27	27	6.93069306930693	chrX	63204400	63204800	GH0XI063204	460401	nearby
chrX	62589000	62744000	pX.27	27	6.93069306930693	chrX	63349000	63352000	GH0XI063349	605001	nearby
chrX	62589000	62744000	pX.27	27	6.93069306930693	chrX	63408066	63408626	GH0XI063408	664067	nearby
chrX	62665000	62774000	pX.28	28	5.94059405940594	chrX	63186334	63186384	GH0XI063186	412335	nearby
chrX	62665000	62774000	pX.28	28	5.94059405940594	chrX	63204400	63204800	GH0XI063204	430401	nearby
chrX	62665000	62774000	pX.28	28	5.94059405940594	chrX	63349000	63352000	GH0XI063349	575001	nearby
chrX	62665000	62774000	pX.28	28	5.94059405940594	chrX	63408066	63408626	GH0XI063408	634067	nearby
chrX	63732000	63893000	pX.29	29	6.93069306930693	chrX	63921093	63922883	GH0XI063921	28094	nearby
chrX	63732000	63893000	pX.29	29	6.93069306930693	chrX	63959824	63960107	GH0XI063959	66825	nearby
chrX	63732000	63893000	pX.29	29	6.93069306930693	chrX	63656272	63659446	GH0XI063656	-72555	nearby
chrX	63732000	63893000	pX.29	29	6.93069306930693	chrX	63581500	63581650	GH0XI063581	-150351	nearby
chrX	64116000	64238000	pX.30	30	5.94059405940594	chrX	64334427	64334591	GH0XI064334	96428	nearby
chrX	64116000	64238000	pX.30	30	5.94059405940594	chrX	64351671	64352675	GH0XI064351	113672	nearby
chrX	64116000	64238000	pX.30	30	5.94059405940594	chrX	63959824	63960107	GH0XI063959	-155894	nearby
chrX	64116000	64238000	pX.30	30	5.94059405940594	chrX	64394400	64396070	GH0XI064394	156401	nearby
chrX	64375000	64478000	pX.31	31	5.94059405940594	chrX	64351671	64352675	GH0XI064351	-22326	nearby
chrX	64375000	64478000	pX.31	31	5.94059405940594	chrX	64334427	64334591	GH0XI064334	-40410	nearby
chrX	64375000	64478000	pX.31	31	5.94059405940594	chrX	64230596	64230656	GH0XI064230	-144345	nearby
chrX	64375000	64478000	pX.31	31	5.94059405940594	chrX	64203608	64207833	GH0XI064203	-167168	nearby
chrX	64703000	64823000	pX.32	32	5.94059405940594	chrX	64842140	64843304	GH0XI064842	19141	nearby
chrX	64703000	64823000	pX.32	32	5.94059405940594	chrX	64850643	64851059	GH0XI064850	27644	nearby
chrX	64703000	64823000	pX.32	32	5.94059405940594	chrX	64656934	64657741	GH0XI064656	-45260	nearby
chrX	64703000	64823000	pX.32	32	5.94059405940594	chrX	64928457	64928533	GH0XI064928	105458	nearby
chrX	64725000	64834000	pX.33	33	5.94059405940594	chrX	64842140	64843304	GH0XI064842	8141	nearby
chrX	64725000	64834000	pX.33	33	5.94059405940594	chrX	64850643	64851059	GH0XI064850	16644	nearby
chrX	64725000	64834000	pX.33	33	5.94059405940594	chrX	64656934	64657741	GH0XI064656	-67260	nearby
chrX	64725000	64834000	pX.33	33	5.94059405940594	chrX	64928457	64928533	GH0XI064928	94458	nearby
chrX	64740000	64994000	pX.34	34	10.8910891089109	chrX	65028193	65028253	GH0XI065028	34194	nearby
chrX	64740000	64994000	pX.34	34	10.8910891089109	chrX	65030706	65031007	GH0XI065030	36707	nearby
chrX	64740000	64994000	pX.34	34	10.8910891089109	chrX	65034092	65036200	GH0XI065034	40093	nearby
chrX	64740000	64994000	pX.34	34	10.8910891089109	chrX	64656934	64657741	GH0XI064656	-82260	nearby
chrX	64906000	65075000	pX.35	35	7.92079207920792	chrX	65127365	65128132	GH0XI065127	52366	nearby
chrX	64906000	65075000	pX.35	35	7.92079207920792	chrX	64850643	64851059	GH0XI064850	-54942	nearby
chrX	64906000	65075000	pX.35	35	7.92079207920792	chrX	64842140	64843304	GH0XI064842	-62697	nearby
chrX	64906000	65075000	pX.35	35	7.92079207920792	chrX	65195276	65198256	GH0XI065195	120277	nearby
chrX	65008000	65113000	pX.36	36	5.94059405940594	chrX	65127365	65128132	GH0XI065127	14366	nearby
chrX	65008000	65113000	pX.36	36	5.94059405940594	chrX	64975199	64977110	GH0XI064975	-30891	nearby
chrX	65008000	65113000	pX.36	36	5.94059405940594	chrX	64928457	64928533	GH0XI064928	-79468	nearby
chrX	65008000	65113000	pX.36	36	5.94059405940594	chrX	65195276	65198256	GH0XI065195	82277	nearby
chrX	65061000	65207000	pX.37	37	6.93069306930693	chrX	65034092	65036200	GH0XI065034	-24801	nearby
chrX	65061000	65207000	pX.37	37	6.93069306930693	chrX	65030706	65031007	GH0XI065030	-29994	nearby
chrX	65061000	65207000	pX.37	37	6.93069306930693	chrX	65028193	65028253	GH0XI065028	-32748	nearby
chrX	65061000	65207000	pX.37	37	6.93069306930693	chrX	65244724	65245060	GH0XI065244	37725	nearby
chrX	65112000	65247000	pX.38	38	5.94059405940594	chrX	65299830	65301170	GH0XI065299	52831	nearby
chrX	65112000	65247000	pX.38	38	5.94059405940594	chrX	65034092	65036200	GH0XI065034	-75801	nearby
chrX	65112000	65247000	pX.38	38	5.94059405940594	chrX	65030706	65031007	GH0XI065030	-80994	nearby
chrX	65112000	65247000	pX.38	38	5.94059405940594	chrX	65028193	65028253	GH0XI065028	-83748	nearby
chrX	65358000	65574000	pX.39	39	10.8910891089109	chrX	65581671	65582797	GH0XI065581	7672	nearby
chrX	65358000	65574000	pX.39	39	10.8910891089109	chrX	65587254	65589630	GH0XI065587	13255	nearby
chrX	65358000	65574000	pX.39	39	10.8910891089109	chrX	65595040	65599057	GH0XI065595	21041	nearby
chrX	65358000	65574000	pX.39	39	10.8910891089109	chrX	65600322	65603161	GH0XI065600	26323	nearby
chrX	65484000	65594000	pX.40	40	6.93069306930693	chrX	65595040	65599057	GH0XI065595	1041	nearby
chrX	65484000	65594000	pX.40	40	6.93069306930693	chrX	65480898	65481766	GH0XI065480	-2235	nearby
chrX	65484000	65594000	pX.40	40	6.93069306930693	chrX	65600322	65603161	GH0XI065600	6323	nearby
chrX	65484000	65594000	pX.40	40	6.93069306930693	chrX	65607180	65607310	GH0XI065607	13181	nearby
chrX	65516000	65617000	pX.41	41	6.93069306930693	chrX	65633778	65634408	GH0XI065633	16779	nearby
chrX	65516000	65617000	pX.41	41	6.93069306930693	chrX	65634713	65636516	GH0XI065634	17714	nearby
chrX	65516000	65617000	pX.41	41	6.93069306930693	chrX	65642505	65645633	GH0XI065642	25506	nearby
chrX	65516000	65617000	pX.41	41	6.93069306930693	chrX	65480898	65481766	GH0XI065480	-34235	nearby
chrX	65524000	65624000	pX.42	42	6.93069306930693	chrX	65633778	65634408	GH0XI065633	9779	nearby
chrX	65524000	65624000	pX.42	42	6.93069306930693	chrX	65634713	65636516	GH0XI065634	10714	nearby
chrX	65524000	65624000	pX.42	42	6.93069306930693	chrX	65642505	65645633	GH0XI065642	18506	nearby
chrX	65524000	65624000	pX.42	42	6.93069306930693	chrX	65656178	65657200	GH0XI065656	32179	nearby
chrX	65527000	65627000	pX.43	43	6.93069306930693	chrX	65633778	65634408	GH0XI065633	6779	nearby
chrX	65527000	65627000	pX.43	43	6.93069306930693	chrX	65634713	65636516	GH0XI065634	7714	nearby
chrX	65527000	65627000	pX.43	43	6.93069306930693	chrX	65642505	65645633	GH0XI065642	15506	nearby
chrX	65527000	65627000	pX.43	43	6.93069306930693	chrX	65656178	65657200	GH0XI065656	29179	nearby
chrX	65534000	65733000	pX.44	44	9.9009900990099	chrX	65736956	65739677	GH0XI065736	3957	nearby
chrX	65534000	65733000	pX.44	44	9.9009900990099	chrX	65528840	65529010	GH0XI065528	-4991	nearby
chrX	65534000	65733000	pX.44	44	9.9009900990099	chrX	65740565	65741395	GH0XI065740	7566	nearby
chrX	65534000	65733000	pX.44	44	9.9009900990099	chrX	65750545	65751814	GH0XI065750	17546	nearby
chrX	65645000	65844000	pX.45	45	7.92079207920792	chrX	65634713	65636516	GH0XI065634	-8485	nearby
chrX	65645000	65844000	pX.45	45	7.92079207920792	chrX	65633778	65634408	GH0XI065633	-10593	nearby
chrX	65645000	65844000	pX.45	45	7.92079207920792	chrX	65865950	65867318	GH0XI065865	21951	nearby
chrX	65645000	65844000	pX.45	45	7.92079207920792	chrX	65871538	65872691	GH0XI065871	27539	nearby
chrX	65815000	65990000	pX.46	46	6.93069306930693	chrX	65994943	65995119	GH0XI065994	4944	nearby
chrX	65815000	65990000	pX.46	46	6.93069306930693	chrX	65995776	65995855	GH0XI065995	5777	nearby
chrX	65815000	65990000	pX.46	46	6.93069306930693	chrX	65996007	66004068	GH0XI065996	6008	nearby
chrX	65815000	65990000	pX.46	46	6.93069306930693	chrX	66004616	66006608	GH0XI066004	14617	nearby
chrX	65912000	66015000	pX.47	47	6.93069306930693	chrX	66024240	66026161	GH0XI066024	9241	nearby
chrX	65912000	66015000	pX.47	47	6.93069306930693	chrX	66030289	66031848	GH0XI066030	15290	nearby
chrX	65912000	66015000	pX.47	47	6.93069306930693	chrX	65894210	65894427	GH0XI065894	-17574	nearby
chrX	65912000	66015000	pX.47	47	6.93069306930693	chrX	66040069	66040129	GH0XI066040	25070	nearby
chrX	65932000	66133000	pX.48	48	11.8811881188119	chrX	65924595	65927179	GH0XI065924	-4822	nearby
chrX	65932000	66133000	pX.48	48	11.8811881188119	chrX	65920206	65921357	GH0XI065920	-10644	nearby
chrX	65932000	66133000	pX.48	48	11.8811881188119	chrX	66160450	66168421	GH0XI066160	27451	nearby
chrX	65932000	66133000	pX.48	48	11.8811881188119	chrX	65894210	65894427	GH0XI065894	-37574	nearby
chrX	66044000	66176000	pX.49	49	13.8613861386139	chrX	66040069	66040129	GH0XI066040	-3872	nearby
chrX	66044000	66176000	pX.49	49	13.8613861386139	chrX	66030289	66031848	GH0XI066030	-12153	nearby
chrX	66044000	66176000	pX.49	49	13.8613861386139	chrX	66024240	66026161	GH0XI066024	-17840	nearby
chrX	66044000	66176000	pX.49	49	13.8613861386139	chrX	66006971	66023336	GH0XI066006	-20665	nearby
chrX	66078000	66243000	pX.50	50	11.8811881188119	chrX	66074484	66075746	GH0XI066074	-2255	nearby
chrX	66078000	66243000	pX.50	50	11.8811881188119	chrX	66049976	66050800	GH0XI066049	-27201	nearby
chrX	66078000	66243000	pX.50	50	11.8811881188119	chrX	66045535	66048101	GH0XI066045	-29900	nearby
chrX	66078000	66243000	pX.50	50	11.8811881188119	chrX	66040069	66040129	GH0XI066040	-37872	nearby
chrX	66175000	66277000	pX.51	51	9.9009900990099	chrX	66160450	66168421	GH0XI066160	-6580	nearby
chrX	66175000	66277000	pX.51	51	9.9009900990099	chrX	66074484	66075746	GH0XI066074	-99255	nearby
chrX	66175000	66277000	pX.51	51	9.9009900990099	chrX	66049976	66050800	GH0XI066049	-124201	nearby
chrX	66175000	66277000	pX.51	51	9.9009900990099	chrX	66045535	66048101	GH0XI066045	-126900	nearby
chrX	66186000	66288000	pX.52	52	9.9009900990099	chrX	66160450	66168421	GH0XI066160	-17580	nearby
chrX	66186000	66288000	pX.52	52	9.9009900990099	chrX	66074484	66075746	GH0XI066074	-110255	nearby
chrX	66186000	66288000	pX.52	52	9.9009900990099	chrX	66049976	66050800	GH0XI066049	-135201	nearby
chrX	66186000	66288000	pX.52	52	9.9009900990099	chrX	66045535	66048101	GH0XI066045	-137900	nearby
chrX	66222000	66425000	pX.53	53	13.8613861386139	chrX	66160450	66168421	GH0XI066160	-53580	nearby
chrX	66222000	66425000	pX.53	53	13.8613861386139	chrX	66074484	66075746	GH0XI066074	-146255	nearby
chrX	66222000	66425000	pX.53	53	13.8613861386139	chrX	66049976	66050800	GH0XI066049	-171201	nearby
chrX	66222000	66425000	pX.53	53	13.8613861386139	chrX	66045535	66048101	GH0XI066045	-173900	nearby
chrX	66350000	66610000	pX.54	54	13.8613861386139	chrX	66615971	66616031	GH0XI066615	5972	nearby
chrX	66350000	66610000	pX.54	54	13.8613861386139	chrX	66622027	66623057	GH0XI066622	12028	nearby
chrX	66350000	66610000	pX.54	54	13.8613861386139	chrX	66632381	66639879	GH0XI066632	22382	nearby
chrX	66350000	66610000	pX.54	54	13.8613861386139	chrX	66676457	66677837	GH0XI066676	66458	nearby
chrX	66602000	66817000	pX.55	55	29.7029702970297	chrX	66900794	66902065	GH0XI066900	83795	nearby
chrX	66602000	66817000	pX.55	55	29.7029702970297	chrX	66914158	66914400	GH0XI066914	97159	nearby
chrX	66602000	66817000	pX.55	55	29.7029702970297	chrX	67094118	67094368	GH0XI067094	277119	nearby
chrX	66602000	66817000	pX.55	55	29.7029702970297	chrX	66160450	66168421	GH0XI066160	-433580	nearby
chrX	66771000	66884000	pX.56	56	41.5841584158416	chrX	66900794	66902065	GH0XI066900	16795	nearby
chrX	66771000	66884000	pX.56	56	41.5841584158416	chrX	66914158	66914400	GH0XI066914	30159	nearby
chrX	66771000	66884000	pX.56	56	41.5841584158416	chrX	66728358	66729415	GH0XI066728	-41586	nearby
chrX	66771000	66884000	pX.56	56	41.5841584158416	chrX	66676457	66677837	GH0XI066676	-93164	nearby
chrX	66790000	66915000	pX.57	57	44.5544554455446	chrX	66728358	66729415	GH0XI066728	-60586	nearby
chrX	66790000	66915000	pX.57	57	44.5544554455446	chrX	66676457	66677837	GH0XI066676	-112164	nearby
chrX	66790000	66915000	pX.57	57	44.5544554455446	chrX	66632381	66639879	GH0XI066632	-150122	nearby
chrX	66790000	66915000	pX.57	57	44.5544554455446	chrX	66622027	66623057	GH0XI066622	-166944	nearby
chrX	66831000	66933000	pX.58	58	40.5940594059406	chrX	66728358	66729415	GH0XI066728	-101586	nearby
chrX	66831000	66933000	pX.58	58	40.5940594059406	chrX	66676457	66677837	GH0XI066676	-153164	nearby
chrX	66831000	66933000	pX.58	58	40.5940594059406	chrX	67094118	67094368	GH0XI067094	161119	nearby
chrX	66831000	66933000	pX.58	58	40.5940594059406	chrX	66632381	66639879	GH0XI066632	-191122	nearby
chrX	66917000	67117000	pX.59	59	34.6534653465347	chrX	66914158	66914400	GH0XI066914	-2601	nearby
chrX	66917000	67117000	pX.59	59	34.6534653465347	chrX	66900794	66902065	GH0XI066900	-14936	nearby
chrX	66917000	67117000	pX.59	59	34.6534653465347	chrX	67287543	67289008	GH0XI067287	170544	nearby
chrX	66917000	67117000	pX.59	59	34.6534653465347	chrX	67289078	67289228	GH0XI067289	172079	nearby
chrX	67025000	67141000	pX.60	60	15.8415841584158	chrX	66914158	66914400	GH0XI066914	-110601	nearby
chrX	67025000	67141000	pX.60	60	15.8415841584158	chrX	66900794	66902065	GH0XI066900	-122936	nearby
chrX	67025000	67141000	pX.60	60	15.8415841584158	chrX	67287543	67289008	GH0XI067287	146544	nearby
chrX	67025000	67141000	pX.60	60	15.8415841584158	chrX	67289078	67289228	GH0XI067289	148079	nearby
chrX	67183000	67474000	pX.61	61	16.8316831683168	chrX	67543378	67548200	GH0XI067543	69379	nearby
chrX	67183000	67474000	pX.61	61	16.8316831683168	chrX	67094118	67094368	GH0XI067094	-88633	nearby
chrX	67183000	67474000	pX.61	61	16.8316831683168	chrX	67563029	67564392	GH0XI067563	89030	nearby
chrX	67183000	67474000	pX.61	61	16.8316831683168	chrX	67604279	67606273	GH0XI067604	130280	nearby
chrX	67392000	67498000	pX.62	62	9.9009900990099	chrX	67543378	67548200	GH0XI067543	45379	nearby
chrX	67392000	67498000	pX.62	62	9.9009900990099	chrX	67563029	67564392	GH0XI067563	65030	nearby
chrX	67392000	67498000	pX.62	62	9.9009900990099	chrX	67289358	67289488	GH0XI067290	-102513	nearby
chrX	67392000	67498000	pX.62	62	9.9009900990099	chrX	67289078	67289228	GH0XI067289	-102773	nearby
chrX	67425000	67533000	pX.63	63	8.91089108910891	chrX	67543378	67548200	GH0XI067543	10379	nearby
chrX	67425000	67533000	pX.63	63	8.91089108910891	chrX	67563029	67564392	GH0XI067563	30030	nearby
chrX	67425000	67533000	pX.63	63	8.91089108910891	chrX	67604279	67606273	GH0XI067604	71280	nearby
chrX	67425000	67533000	pX.63	63	8.91089108910891	chrX	67607058	67608322	GH0XI067607	74059	nearby
chrX	67465000	67565000	pX.64	64	8.91089108910891	chrX	67437955	67438241	GH0XI067437	-26760	nearby
chrX	67465000	67565000	pX.64	64	8.91089108910891	chrX	67604279	67606273	GH0XI067604	39280	nearby
chrX	67465000	67565000	pX.64	64	8.91089108910891	chrX	67607058	67608322	GH0XI067607	42059	nearby
chrX	67465000	67565000	pX.64	64	8.91089108910891	chrX	67612159	67615144	GH0XI067612	47160	nearby
chrX	67477000	67582000	pX.65	65	8.91089108910891	chrX	67604279	67606273	GH0XI067604	22280	nearby
chrX	67477000	67582000	pX.65	65	8.91089108910891	chrX	67607058	67608322	GH0XI067607	25059	nearby
chrX	67477000	67582000	pX.65	65	8.91089108910891	chrX	67612159	67615144	GH0XI067612	30160	nearby
chrX	67477000	67582000	pX.65	65	8.91089108910891	chrX	67619358	67619508	GH0XI067619	37359	nearby
chrX	67503000	67623000	pX.66	66	10.8910891089109	chrX	67651636	67655303	GH0XI067651	28637	nearby
chrX	67503000	67623000	pX.66	66	10.8910891089109	chrX	67437955	67438241	GH0XI067437	-64760	nearby
chrX	67503000	67623000	pX.66	66	10.8910891089109	chrX	67695318	67696159	GH0XI067695	72319	nearby
chrX	67503000	67623000	pX.66	66	10.8910891089109	chrX	67723078	67723228	GH0XI067723	100079	nearby
chrX	67526000	67705000	pX.67	67	14.8514851485149	chrX	67723078	67723228	GH0XI067723	18079	nearby
chrX	67526000	67705000	pX.67	67	14.8514851485149	chrX	67779246	67781971	GH0XI067779	74247	nearby
chrX	67526000	67705000	pX.67	67	14.8514851485149	chrX	67437955	67438241	GH0XI067437	-87760	nearby
chrX	67526000	67705000	pX.67	67	14.8514851485149	chrX	67289358	67289488	GH0XI067290	-236513	nearby
chrX	67616000	67755000	pX.68	68	18.8118811881188	chrX	67612159	67615144	GH0XI067612	-857	nearby
chrX	67616000	67755000	pX.68	68	18.8118811881188	chrX	67607058	67608322	GH0XI067607	-7679	nearby
chrX	67616000	67755000	pX.68	68	18.8118811881188	chrX	67604279	67606273	GH0XI067604	-9728	nearby
chrX	67616000	67755000	pX.68	68	18.8118811881188	chrX	67779246	67781971	GH0XI067779	24247	nearby
chrX	67660000	67917000	pX.69	69	24.7524752475248	chrX	67651636	67655303	GH0XI067651	-4698	nearby
chrX	67660000	67917000	pX.69	69	24.7524752475248	chrX	67619358	67619508	GH0XI067619	-40493	nearby
chrX	67660000	67917000	pX.69	69	24.7524752475248	chrX	67612159	67615144	GH0XI067612	-44857	nearby
chrX	67660000	67917000	pX.69	69	24.7524752475248	chrX	67607058	67608322	GH0XI067607	-51679	nearby
chrX	67856000	68043000	pX.70	70	15.8415841584158	chrX	68071273	68071648	GH0XI068071	28274	nearby
chrX	67856000	68043000	pX.70	70	15.8415841584158	chrX	68084662	68085528	GH0XI068084	41663	nearby
chrX	67856000	68043000	pX.70	70	15.8415841584158	chrX	68087638	68087728	GH0XI068087	44639	nearby
chrX	67856000	68043000	pX.70	70	15.8415841584158	chrX	68114451	68115759	GH0XI068114	71452	nearby
chrX	67951000	68055000	pX.71	71	12.8712871287129	chrX	68071273	68071648	GH0XI068071	16274	nearby
chrX	67951000	68055000	pX.71	71	12.8712871287129	chrX	68084662	68085528	GH0XI068084	29663	nearby
chrX	67951000	68055000	pX.71	71	12.8712871287129	chrX	68087638	68087728	GH0XI068087	32639	nearby
chrX	67951000	68055000	pX.71	71	12.8712871287129	chrX	68114451	68115759	GH0XI068114	59452	nearby
chrX	68004000	68106000	pX.72	72	12.8712871287129	chrX	68114451	68115759	GH0XI068114	8452	nearby
chrX	68004000	68106000	pX.72	72	12.8712871287129	chrX	68163032	68164228	GH0XI068163	57033	nearby
chrX	68004000	68106000	pX.72	72	12.8712871287129	chrX	68234339	68234852	GH0XI068234	128340	nearby
chrX	68004000	68106000	pX.72	72	12.8712871287129	chrX	68249366	68250428	GH0XI068249	143367	nearby
chrX	68015000	68340000	pX.73	73	19.8019801980198	chrX	68365243	68366286	GH0XI068365	25244	nearby
chrX	68015000	68340000	pX.73	73	19.8019801980198	chrX	68405151	68405548	GH0XI068405	65152	nearby
chrX	68015000	68340000	pX.73	73	19.8019801980198	chrX	68414703	68415885	GH0XI068414	74704	nearby
chrX	68015000	68340000	pX.73	73	19.8019801980198	chrX	68416718	68416868	GH0XI068416	76719	nearby
chrX	68243000	68345000	pX.74	74	7.92079207920792	chrX	68234339	68234852	GH0XI068234	-8149	nearby
chrX	68243000	68345000	pX.74	74	7.92079207920792	chrX	68365243	68366286	GH0XI068365	20244	nearby
chrX	68243000	68345000	pX.74	74	7.92079207920792	chrX	68405151	68405548	GH0XI068405	60152	nearby
chrX	68243000	68345000	pX.74	74	7.92079207920792	chrX	68414703	68415885	GH0XI068414	69704	nearby
chrX	68291000	68490000	pX.75	75	11.8811881188119	chrX	68496819	68500185	GH0XI068496	6820	nearby
chrX	68291000	68490000	pX.75	75	11.8811881188119	chrX	68503057	68505503	GH0XI068503	13058	nearby
chrX	68291000	68490000	pX.75	75	11.8811881188119	chrX	68508532	68509844	GH0XI068508	18533	nearby
chrX	68291000	68490000	pX.75	75	11.8811881188119	chrX	68249366	68250428	GH0XI068249	-40573	nearby
chrX	68393000	68495000	pX.76	76	6.93069306930693	chrX	68496819	68500185	GH0XI068496	1820	nearby
chrX	68393000	68495000	pX.76	76	6.93069306930693	chrX	68503057	68505503	GH0XI068503	8058	nearby
chrX	68393000	68495000	pX.76	76	6.93069306930693	chrX	68508532	68509844	GH0XI068508	13533	nearby
chrX	68393000	68495000	pX.76	76	6.93069306930693	chrX	68365243	68366286	GH0XI068365	-26715	nearby
chrX	68400000	68506000	pX.77	77	6.93069306930693	chrX	68508532	68509844	GH0XI068508	2533	nearby
chrX	68400000	68506000	pX.77	77	6.93069306930693	chrX	68365243	68366286	GH0XI068365	-33715	nearby
chrX	68400000	68506000	pX.77	77	6.93069306930693	chrX	68571281	68572400	GH0XI068571	65282	nearby
chrX	68400000	68506000	pX.77	77	6.93069306930693	chrX	68332224	68333133	GH0XI068332	-66868	nearby
chrX	68423000	68693000	pX.78	78	10.8910891089109	chrX	68420098	68420248	GH0XI068420	-2753	nearby
chrX	68423000	68693000	pX.78	78	10.8910891089109	chrX	68416718	68416868	GH0XI068416	-6133	nearby
chrX	68423000	68693000	pX.78	78	10.8910891089109	chrX	68414703	68415885	GH0XI068414	-7116	nearby
chrX	68423000	68693000	pX.78	78	10.8910891089109	chrX	68702401	68704399	GH0XI068702	9402	nearby
chrX	68805000	68968000	pX.79	79	6.93069306930693	chrX	68784511	68784834	GH0XI068784	-20167	nearby
chrX	68805000	68968000	pX.79	79	6.93069306930693	chrX	68783601	68783999	GH0XI068783	-21002	nearby
chrX	68805000	68968000	pX.79	79	6.93069306930693	chrX	68989390	68991019	GH0XI068989	21391	nearby
chrX	68805000	68968000	pX.79	79	6.93069306930693	chrX	68994454	68994998	GH0XI068994	26455	nearby
chrX	68881000	68994000	pX.80	80	5.94059405940594	chrX	68994454	68994998	GH0XI068994	455	nearby
chrX	68881000	68994000	pX.80	80	5.94059405940594	chrX	68995026	69000868	GH0XI068995	1027	nearby
chrX	68881000	68994000	pX.80	80	5.94059405940594	chrX	68879643	68879816	GH0XI068879	-1185	nearby
chrX	68881000	68994000	pX.80	80	5.94059405940594	chrX	68867431	68870890	GH0XI068867	-10111	nearby
chrX	68925000	69027000	pX.81	81	5.94059405940594	chrX	68922097	68922247	GH0XI068922	-2754	nearby
chrX	68925000	69027000	pX.81	81	5.94059405940594	chrX	68920223	68921184	GH0XI068920	-3817	nearby
chrX	68925000	69027000	pX.81	81	5.94059405940594	chrX	69031440	69034007	GH0XI069031	4441	nearby
chrX	68925000	69027000	pX.81	81	5.94059405940594	chrX	68911847	68913467	GH0XI068911	-11534	nearby
chrX	68968000	69085000	pX.82	82	5.94059405940594	chrX	69087340	69087449	GH0XI069088	2341	nearby
chrX	68968000	69085000	pX.82	82	5.94059405940594	chrX	69087588	69090418	GH0XI069087	2589	nearby
chrX	68968000	69085000	pX.82	82	5.94059405940594	chrX	69097637	69097787	GH0XI069097	12638	nearby
chrX	68968000	69085000	pX.82	82	5.94059405940594	chrX	69101960	69103636	GH0XI069101	16961	nearby
chrX	69064000	69344000	pX.83	83	9.9009900990099	chrX	69060084	69060842	GH0XI069060	-3159	nearby
chrX	69064000	69344000	pX.83	83	9.9009900990099	chrX	69357477	69357627	GH0XI069357	13478	nearby
chrX	69064000	69344000	pX.83	83	9.9009900990099	chrX	69360776	69363912	GH0XI069360	16777	nearby
chrX	69064000	69344000	pX.83	83	9.9009900990099	chrX	69031440	69034007	GH0XI069031	-29994	nearby
chrX	69262000	69374000	pX.84	84	5.94059405940594	chrX	69387697	69387787	GH0XI069387	13698	nearby
chrX	69262000	69374000	pX.84	84	5.94059405940594	chrX	69395065	69395970	GH0XI069395	21066	nearby
chrX	69262000	69374000	pX.84	84	5.94059405940594	chrX	69396997	69397147	GH0XI069396	22998	nearby
chrX	69262000	69374000	pX.84	84	5.94059405940594	chrX	69222817	69222967	GH0XI069222	-39034	nearby
chrX	69288000	69404000	pX.85	85	6.93069306930693	chrX	69284957	69286684	GH0XI069284	-1317	nearby
chrX	69288000	69404000	pX.85	85	6.93069306930693	chrX	69277422	69279125	GH0XI069277	-8876	nearby
chrX	69288000	69404000	pX.85	85	6.93069306930693	chrX	69429737	69429887	GH0XI069429	25738	nearby
chrX	69288000	69404000	pX.85	85	6.93069306930693	chrX	69430977	69431087	GH0XI069430	26978	nearby
chrX	69309000	69487000	pX.86	86	7.92079207920792	chrX	69307797	69307887	GH0XI069307	-1114	nearby
chrX	69309000	69487000	pX.86	86	7.92079207920792	chrX	69305432	69306360	GH0XI069305	-2641	nearby
chrX	69309000	69487000	pX.86	86	7.92079207920792	chrX	69493400	69493600	GH0XI069493	6401	nearby
chrX	69309000	69487000	pX.86	86	7.92079207920792	chrX	69503297	69505600	GH0XI069503	16298	nearby
chrX	69425000	69528000	pX.87	87	6.93069306930693	chrX	69538212	69539000	GH0XI069538	10213	nearby
chrX	69425000	69528000	pX.87	87	6.93069306930693	chrX	69551254	69558583	GH0XI069551	23255	nearby
chrX	69425000	69528000	pX.87	87	6.93069306930693	chrX	69396997	69397147	GH0XI069396	-27854	nearby
chrX	69425000	69528000	pX.87	87	6.93069306930693	chrX	69395065	69395970	GH0XI069395	-29031	nearby
chrX	69440000	69595000	pX.88	88	8.91089108910891	chrX	69602910	69606024	GH0XI069602	7911	nearby
chrX	69440000	69595000	pX.88	88	8.91089108910891	chrX	69430977	69431087	GH0XI069430	-8914	nearby
chrX	69440000	69595000	pX.88	88	8.91089108910891	chrX	69429737	69429887	GH0XI069429	-10114	nearby
chrX	69440000	69595000	pX.88	88	8.91089108910891	chrX	69613576	69618661	GH0XI069613	18577	nearby
chrX	69498000	69624000	pX.89	89	6.93069306930693	chrX	69493400	69493600	GH0XI069493	-4401	nearby
chrX	69498000	69624000	pX.89	89	6.93069306930693	chrX	69632006	69632272	GH0XI069632	8007	nearby
chrX	69498000	69624000	pX.89	89	6.93069306930693	chrX	69430977	69431087	GH0XI069430	-66914	nearby
chrX	69498000	69624000	pX.89	89	6.93069306930693	chrX	69429737	69429887	GH0XI069429	-68114	nearby
chrX	69530000	69646000	pX.90	90	5.94059405940594	chrX	69503297	69505600	GH0XI069503	-24401	nearby
chrX	69530000	69646000	pX.90	90	5.94059405940594	chrX	69493400	69493600	GH0XI069493	-36401	nearby
chrX	69530000	69646000	pX.90	90	5.94059405940594	chrX	69705263	69706599	GH0XI069705	59264	nearby
chrX	69530000	69646000	pX.90	90	5.94059405940594	chrX	69430977	69431087	GH0XI069430	-98914	nearby
chrX	69868000	69971000	pX.91	91	5.94059405940594	chrX	69844760	69844910	GH0XI069844	-23091	nearby
chrX	69868000	69971000	pX.91	91	5.94059405940594	chrX	69994365	69996164	GH0XI069994	23366	nearby
chrX	69868000	69971000	pX.91	91	5.94059405940594	chrX	70013037	70014586	GH0XI070013	42038	nearby
chrX	69868000	69971000	pX.91	91	5.94059405940594	chrX	70022377	70024846	GH0XI070022	51378	nearby
chrX	69885000	70024000	pX.92	92	5.94059405940594	chrX	70029718	70030656	GH0XI070029	5719	nearby
chrX	69885000	70024000	pX.92	92	5.94059405940594	chrX	70062407	70062467	GH0XI070062	38408	nearby
chrX	69885000	70024000	pX.92	92	5.94059405940594	chrX	69844760	69844910	GH0XI069844	-40091	nearby
chrX	69885000	70024000	pX.92	92	5.94059405940594	chrX	70087800	70088401	GH0XI070087	63801	nearby
chrX	69944000	70049000	pX.93	93	5.94059405940594	chrX	70062407	70062467	GH0XI070062	13408	nearby
chrX	69944000	70049000	pX.93	93	5.94059405940594	chrX	70087800	70088401	GH0XI070087	38801	nearby
chrX	69944000	70049000	pX.93	93	5.94059405940594	chrX	70132267	70135166	GH0XI070132	83268	nearby
chrX	69944000	70049000	pX.93	93	5.94059405940594	chrX	69844760	69844910	GH0XI069844	-99091	nearby
chrX	72481000	72585000	pX.94	94	5.94059405940594	chrX	72476819	72478992	GH0XI072476	-2009	nearby
chrX	72481000	72585000	pX.94	94	5.94059405940594	chrX	72619658	72623323	GH0XI072619	34659	nearby
chrX	72481000	72585000	pX.94	94	5.94059405940594	chrX	72634430	72634580	GH0XI072634	49431	nearby
chrX	72481000	72585000	pX.94	94	5.94059405940594	chrX	72416063	72416187	GH0XI072416	-64814	nearby
chrX	73019000	73161000	pX.95	95	5.94059405940594	chrX	73003496	73003556	GH0XI073003	-15445	nearby
chrX	73019000	73161000	pX.95	95	5.94059405940594	chrX	73213800	73215708	GH0XI073213	52801	nearby
chrX	73019000	73161000	pX.95	95	5.94059405940594	chrX	72942999	72944001	GH0XI072943	-75000	nearby
chrX	73019000	73161000	pX.95	95	5.94059405940594	chrX	72889600	72889800	GH0XI072889	-129201	nearby
chrX	77157000	77356000	pX.96	96	6.93069306930693	chrX	77422099	77424126	GH0XI077422	66100	nearby
chrX	77157000	77356000	pX.96	96	6.93069306930693	chrX	77087295	77088960	GH0XI077087	-68041	nearby
chrX	77157000	77356000	pX.96	96	6.93069306930693	chrX	77431399	77431449	GH0XI077431	75400	nearby
chrX	77157000	77356000	pX.96	96	6.93069306930693	chrX	77442799	77443201	GH0XI077442	86800	nearby
chrX	85907000	86011000	pX.97	97	5.94059405940594	chrX	85901841	85902055	GH0XI085901	-4946	nearby
chrX	85907000	86011000	pX.97	97	5.94059405940594	chrX	85897795	85897945	GH0XI085897	-9056	nearby
chrX	85907000	86011000	pX.97	97	5.94059405940594	chrX	86023743	86024120	GH0XI086023	12744	nearby
chrX	85907000	86011000	pX.97	97	5.94059405940594	chrX	86025765	86026141	GH0XI086025	14766	nearby
chrX	85998000	86106000	pX.98	98	6.93069306930693	chrX	85996676	85996826	GH0XI085996	-1175	nearby
chrX	85998000	86106000	pX.98	98	6.93069306930693	chrX	85992537	85994480	GH0XI085992	-3521	nearby
chrX	85998000	86106000	pX.98	98	6.93069306930693	chrX	86147600	86149000	GH0XI086147	41601	nearby
chrX	85998000	86106000	pX.98	98	6.93069306930693	chrX	86149723	86150013	GH0XI086149	43724	nearby
chrX	89104000	89307000	pX.99	99	28.7128712871287	chrX	88999177	88999741	GH0XI088999	-104260	nearby
chrX	89104000	89307000	pX.99	99	28.7128712871287	chrX	88994559	88994989	GH0XI088994	-109012	nearby
chrX	89104000	89307000	pX.99	99	28.7128712871287	chrX	88991153	88993932	GH0XI088991	-110069	nearby
chrX	89104000	89307000	pX.99	99	28.7128712871287	chrX	88989582	88990351	GH0XI088989	-113650	nearby
chrX	89385000	89583000	pX.100	100	7.92079207920792	chrX	89704666	89708883	GH0XI089704	121667	nearby
chrX	89385000	89583000	pX.100	100	7.92079207920792	chrX	89709087	89709690	GH0XI089709	126088	nearby
chrX	89385000	89583000	pX.100	100	7.92079207920792	chrX	89709704	89710728	GH0XI089710	126705	nearby
chrX	89385000	89583000	pX.100	100	7.92079207920792	chrX	89921858	89921918	GH0XI089921	338859	nearby
chrX	90674000	90873000	pX.101	101	5.94059405940594	chrX	90457661	90459397	GH0XI090457	-214604	nearby
chrX	90674000	90873000	pX.101	101	5.94059405940594	chrX	90190759	90191500	GH0XI090190	-482501	nearby
chrX	90674000	90873000	pX.101	101	5.94059405940594	chrX	90189239	90190442	GH0XI090189	-483559	nearby
chrX	90674000	90873000	pX.101	101	5.94059405940594	chrX	90186715	90189199	GH0XI090186	-484802	nearby
chrX	95452000	95651000	pX.102	102	6.93069306930693	chrX	95382441	95384487	GH0XI095382	-67514	nearby
chrX	95452000	95651000	pX.102	102	6.93069306930693	chrX	95764760	95765720	GH0XI095764	113761	nearby
chrX	95452000	95651000	pX.102	102	6.93069306930693	chrX	95884321	95884471	GH0XI095885	233322	nearby
chrX	95452000	95651000	pX.102	102	6.93069306930693	chrX	95884625	95885786	GH0XI095884	233626	nearby
chrX	129405000	129531000	pX.103	103	5.94059405940594	chrX	129539623	129541824	GH0XI129539	8624	nearby
chrX	129405000	129531000	pX.103	103	5.94059405940594	chrX	129360323	129360453	GH0XI129360	-44548	nearby
chrX	129405000	129531000	pX.103	103	5.94059405940594	chrX	129577115	129578214	GH0XI129577	46116	nearby
chrX	129405000	129531000	pX.103	103	5.94059405940594	chrX	129592691	129593722	GH0XI129592	61692	nearby
chrX	131367000	131567000	pX.104	104	6.93069306930693	chrX	131577520	131578819	GH0XI131577	10521	nearby
chrX	131367000	131567000	pX.104	104	6.93069306930693	chrX	131579126	131579216	GH0XI131579	12127	nearby
chrX	131367000	131567000	pX.104	104	6.93069306930693	chrX	131587703	131589847	GH0XI131587	20704	nearby
chrX	131367000	131567000	pX.104	104	6.93069306930693	chrX	131288301	131289816	GH0XI131288	-77185	nearby
chrX	136776000	136979000	pX.105	105	12.8712871287129	chrX	136764985	136769610	GH0XI136764	-6391	nearby
chrX	136776000	136979000	pX.105	105	12.8712871287129	chrX	136759600	136760544	GH0XI136759	-15457	nearby
chrX	136776000	136979000	pX.105	105	12.8712871287129	chrX	136752361	136756144	GH0XI136752	-19857	nearby
chrX	136776000	136979000	pX.105	105	12.8712871287129	chrX	136749283	136750826	GH0XI136749	-25175	nearby
chrY	3041000	3240000	pY.1	1	6.93069306930693	.	-1	-1		.	-1	nearby
chrY	4256000	4455000	pY.2	2	6.93069306930693	.	-1	-1		.	-1	nearby
chrY	6435000	6633000	pY.3	3	7.92079207920792	.	-1	-1		.	-1	nearby
