chrX	70572001	71134000	DTB-003-BL	1.455	amp	70853000.5
chrX	71140001	73325000	DTB-003-BL	1.445	amp	72232500.5
chrX	73328001	79622000	DTB-003-BL	1.435	amp	76475000.5
chrX	79651001	91839000	DTB-003-BL	1.425	amp	85745000.5
chrX	91839001	93590000	DTB-003-BL	2.53	amp	92714500.5
chrX	93590001	117945000	DTB-003-BL	1.445	amp	105767500.5
chrX	117948001	119046000	DTB-003-BL	1.465	amp	118497000.5
chrX	119046001	119053000	DTB-003-BL	1.895	amp	119049500.5
chrX	119053001	121855000	DTB-003-BL	1.46	amp	120454000.5
chrX	121882001	143657000	DTB-003-BL	1.455	amp	132769500.5
chrX	143657001	143660000	DTB-003-BL	3.14	amp	143658500.5
chrX	143660001	154557000	DTB-003-BL	1.445	amp	149108500.5
chrX	154651001	155700000	DTB-003-BL	1.465	amp	155175500.5
chrX	62723001	65109000	DTB-005-BL	1.47	amp	63916000.5
chrX	65109001	65445000	DTB-005-BL	1.75	amp	65277000.5
chrX	65445001	65452000	DTB-005-BL	2.16	amp	65448500.5
chrX	65452001	65464000	DTB-005-BL	1.87	amp	65458000.5
chrX	65464001	65467000	DTB-005-BL	2.325	amp	65465500.5
chrX	65467001	65470000	DTB-005-BL	1.495	amp	65468500.5
chrX	65470001	65525000	DTB-005-BL	1.89	amp	65497500.5
chrX	65525001	66580000	DTB-005-BL	3.08	amp	66052500.5
chrX	66580001	66844000	DTB-005-BL	3.775	amp	66712000.5
chrX	66844001	67801000	DTB-005-BL	4.55	amp	67322500.5
chrX	67801001	69353000	DTB-005-BL	3.565	amp	68577000.5
chrX	69353001	69508000	DTB-005-BL	2.355	amp	69430500.5
chrX	69508001	69514000	DTB-005-BL	1.84	amp	69511000.5
chrX	69514001	69545000	DTB-005-BL	2.3	amp	69529500.5
chrX	69545001	69972000	DTB-005-BL	1.43	amp	69758500.5
chrX	75053001	75271000	DTB-005-BL	2.12	amp	75162000.5
chrX	79787001	81431000	DTB-005-BL	1.445	amp	80609000.5
chrX	81464001	81783000	DTB-005-BL	1.42	amp	81623500.5
chrX	87818001	89196000	DTB-005-BL	1.64	amp	88507000.5
chrX	128550001	128554000	DTB-005-BL	1.41	amp	128552000.5
chrX	143655001	143659000	DTB-005-BL	3.705	amp	143657000.5
chrX	27402001	27405000	DTB-008-BL	2.385	amp	27403500.5
chrX	52251001	52255000	DTB-008-BL	1.885	amp	52253000.5
chrX	58479001	58487000	DTB-008-BL	1.905	amp	58483000.5
chrX	62476001	62486000	DTB-008-BL	2.28	amp	62481000.5
chrX	66658001	66970000	DTB-008-BL	2.275	amp	66814000.5
chrX	45493001	46902000	DTB-009-BL	1.81	amp	46197500.5
chrX	46902001	46910000	DTB-009-BL	2.29	amp	46906000.5
chrX	46910001	49241000	DTB-009-BL	1.79	amp	48075500.5
chrX	49241001	49263000	DTB-009-BL	1.46	amp	49252000.5
chrX	49263001	53617000	DTB-009-BL	1.77	amp	51440000.5
chrX	53617001	53622000	DTB-009-BL	2.34	amp	53619500.5
chrX	53622001	58254000	DTB-009-BL	1.8	amp	55938000.5
chrX	58254001	58286000	DTB-009-BL	1.445	amp	58270000.5
chrX	58286001	58539000	DTB-009-BL	1.805	amp	58412500.5
chrX	58539001	62501000	DTB-009-BL	2.275	amp	60520000.5
chrX	62501001	67716000	DTB-009-BL	1.79	amp	65108500.5
chrX	67723001	71660000	DTB-009-BL	1.835	amp	69691500.5
chrX	71660001	71677000	DTB-009-BL	1.49	amp	71668500.5
chrX	71677001	72921000	DTB-009-BL	1.76	amp	72299000.5
chrX	72921001	72979000	DTB-009-BL	2.325	amp	72950000.5
chrX	72979001	92453000	DTB-009-BL	1.71	amp	82716000.5
chrX	92460001	101371000	DTB-009-BL	1.715	amp	96915500.5
chrX	101371001	101374000	DTB-009-BL	2.665	amp	101372500.5
chrX	101374001	115730500	DTB-009-BL	1.735	amp	108552250.5
chrX	115865001	123477000	DTB-009-BL	1.755	amp	119671000.5
chrX	123477001	123480000	DTB-009-BL	2.42	amp	123478500.5
chrX	123480001	124346000	DTB-009-BL	1.82	amp	123913000.5
chrX	124353001	129779000	DTB-009-BL	1.73	amp	127066000.5
chrX	129779001	129787000	DTB-009-BL	1.405	amp	129783000.5
chrX	129787001	135421000	DTB-009-BL	1.745	amp	132604000.5
chrX	135427001	135433000	DTB-009-BL	1.745	amp	135430000.5
chrX	135439001	141538000	DTB-009-BL	1.735	amp	138488500.5
chrX	141538001	141541000	DTB-009-BL	6.31	amp	141539500.5
chrX	141541001	151914500	DTB-009-BL	1.685	amp	146727750.5
chrX	151920001	153027000	DTB-009-BL	1.695	amp	152473500.5
chrX	153032001	153827000	DTB-009-BL	1.61	amp	153429500.5
chrX	153831001	155454000	DTB-009-BL	1.735	amp	154642500.5
chrX	155454001	155462000	DTB-009-BL	2.3	amp	155458000.5
chrX	155462001	155564500	DTB-009-BL	1.78	amp	155513250.5
chrX	155572001	155702000	DTB-009-BL	1.745	amp	155637000.5
chrX	57546001	57549000	DTB-011-BL	1.64	amp	57547500.5
chrX	64060001	64063000	DTB-018-BL	4.425	amp	64061500.5
chrX	64063001	64179000	DTB-018-BL	6.875	amp	64121000.5
chrX	64179001	64198000	DTB-018-BL	4.425	amp	64188500.5
chrX	64198001	66289000	DTB-018-BL	2.8	amp	65243500.5
chrX	66289001	66322000	DTB-018-BL	3.615	amp	66305500.5
chrX	66322001	66763000	DTB-018-BL	2.445	amp	66542500.5
chrX	66763001	67958000	DTB-018-BL	3.415	amp	67360500.5
chrX	67958001	69178000	DTB-018-BL	5.465	amp	68568000.5
chrX	154477001	154563000	DTB-018-BL	1.52	amp	154520000.5
chrX	155525001	155532000	DTB-018-BL	2.095	amp	155528500.5
chrX	155597001	155615000	DTB-018-BL	1.55	amp	155606000.5
chrX	1365001	1368000	DTB-019-PRO	2.105	amp	1366500.5
chrX	2625001	2781000	DTB-019-PRO	2.115	amp	2703000.5
chrX	2781001	3994000	DTB-019-PRO	1.61	amp	3387500.5
chrX	3994001	3997000	DTB-019-PRO	3.105	amp	3995500.5
chrX	3997001	26354000	DTB-019-PRO	1.63	amp	15175500.5
chrX	26369001	58762000	DTB-019-PRO	1.64	amp	42565500.5
chrX	60147001	66852000	DTB-019-PRO	1.63	amp	63499500.5
chrX	66852001	67027000	DTB-019-PRO	2.025	amp	66939500.5
chrX	67027001	86964000	DTB-019-PRO	1.645	amp	76995500.5
chrX	86987001	97930000	DTB-019-PRO	1.655	amp	92458500.5
chrX	99639001	126388000	DTB-019-PRO	1.635	amp	113013500.5
chrX	126404001	141539000	DTB-019-PRO	1.63	amp	133971500.5
chrX	141543001	141546500	DTB-019-PRO	2.89	amp	141544750.5
chrX	141546501	142798000	DTB-019-PRO	1.62	amp	142172250.5
chrX	143653001	143659000	DTB-019-PRO	2.51	amp	143656000.5
chrX	147922001	153727000	DTB-019-PRO	1.645	amp	150824500.5
chrX	154585001	154641000	DTB-019-PRO	1.61	amp	154613000.5
chrX	154641001	154658000	DTB-019-PRO	1.985	amp	154649500.5
chrX	154658001	155564500	DTB-019-PRO	1.63	amp	155111250.5
chrX	155571001	155703000	DTB-019-PRO	1.58	amp	155637000.5
chrX	155703001	156015000	DTB-019-PRO	2.095	amp	155859000.5
chrX	156015001	156018000	DTB-019-PRO	2.73	amp	156016500.5
chrX	156018001	156040895	DTB-019-PRO	1.44	amp	156029448
chrX	67492001	67892000	DTB-020-BL	2.055	amp	67692000.5
chrX	66816001	66953500	DTB-021-BL	1.62	amp	66884750.5
chrX	143655001	143659000	DTB-021-BL	1.84	amp	143657000.5
chrX	155454001	155462000	DTB-021-BL	1.475	amp	155458000.5
chrX	155564501	155572000	DTB-021-BL	1.76	amp	155568250.5
chrX	58483001	58499000	DTB-022-BL	1.655	amp	58491000.5
chrX	66886001	66928000	DTB-022-BL	2.445	amp	66907000.5
chrX	66928001	66940000	DTB-022-BL	1.43	amp	66934000.5
chrX	1175001	1179000	DTB-023-BL	1.52	amp	1177000.5
chrX	53709001	54322000	DTB-023-BL	2.07	amp	54015500.5
chrX	56550001	58011000	DTB-023-BL	1.915	amp	57280500.5
chrX	58011001	58047000	DTB-023-BL	1.55	amp	58029000.5
chrX	58047001	58074000	DTB-023-BL	1.93	amp	58060500.5
chrX	58074001	58077000	DTB-023-BL	2.62	amp	58075500.5
chrX	58077001	58160000	DTB-023-BL	1.905	amp	58118500.5
chrX	58160001	58189000	DTB-023-BL	2.275	amp	58174500.5
chrX	58189001	58318000	DTB-023-BL	1.88	amp	58253500.5
chrX	58318001	58480000	DTB-023-BL	2.285	amp	58399000.5
chrX	58480001	58497000	DTB-023-BL	5.405	amp	58488500.5
chrX	58497001	62032000	DTB-023-BL	2.535	amp	60264500.5
chrX	62032001	62490000	DTB-023-BL	3.595	amp	62261000.5
chrX	62490001	62500000	DTB-023-BL	2.585	amp	62495000.5
chrX	62500001	62506000	DTB-023-BL	4.585	amp	62503000.5
chrX	62506001	62709000	DTB-023-BL	3.395	amp	62607500.5
chrX	62709001	63099000	DTB-023-BL	2.825	amp	62904000.5
chrX	63099001	63157500	DTB-023-BL	2.435	amp	63128250.5
chrX	63157501	63949000	DTB-023-BL	3	amp	63553250.5
chrX	63949001	64494000	DTB-023-BL	2.32	amp	64221500.5
chrX	64494001	64797000	DTB-023-BL	1.975	amp	64645500.5
chrX	64797001	64826000	DTB-023-BL	1.61	amp	64811500.5
chrX	64826001	65179000	DTB-023-BL	2.375	amp	65002500.5
chrX	65179001	65298000	DTB-023-BL	2.945	amp	65238500.5
chrX	65298001	65393000	DTB-023-BL	2.505	amp	65345500.5
chrX	65393001	65425000	DTB-023-BL	3.12	amp	65409000.5
chrX	65425001	65540000	DTB-023-BL	2.41	amp	65482500.5
chrX	65540001	65556000	DTB-023-BL	3.075	amp	65548000.5
chrX	65556001	65567000	DTB-023-BL	3.735	amp	65561500.5
chrX	65567001	65648000	DTB-023-BL	2.775	amp	65607500.5
chrX	65648001	65836000	DTB-023-BL	2.29	amp	65742000.5
chrX	65836001	66925000	DTB-023-BL	3.035	amp	66380500.5
chrX	66925001	66930000	DTB-023-BL	2.6	amp	66927500.5
chrX	66930001	67020000	DTB-023-BL	3.65	amp	66975000.5
chrX	67020001	67026000	DTB-023-BL	4.47	amp	67023000.5
chrX	67026001	69540000	DTB-023-BL	3.015	amp	68283000.5
chrX	69540001	69582000	DTB-023-BL	1.895	amp	69561000.5
chrX	69582001	71367000	DTB-023-BL	2.215	amp	70474500.5
chrX	153739001	154344500	DTB-023-BL	2.13	amp	154041750.5
chrX	34566001	34588000	DTB-024-PRO	1.61	amp	34577000.5
chrX	37778001	37781000	DTB-024-PRO	1.92	amp	37779500.5
chrX	47011001	47018000	DTB-024-PRO	1.705	amp	47014500.5
chrX	48200001	48206000	DTB-024-PRO	1.74	amp	48203000.5
chrX	63678001	64862000	DTB-024-PRO	1.605	amp	64270000.5
chrX	64862001	65474000	DTB-024-PRO	3.685	amp	65168000.5
chrX	65474001	66192000	DTB-024-PRO	5.34	amp	65833000.5
chrX	66192001	66476000	DTB-024-PRO	4.54	amp	66334000.5
chrX	66476001	67397000	DTB-024-PRO	6.22	amp	66936500.5
chrX	67397001	68355000	DTB-024-PRO	4.71	amp	67876000.5
chrX	68355001	69241000	DTB-024-PRO	2.97	amp	68798000.5
chrX	69241001	69520000	DTB-024-PRO	2.325	amp	69380500.5
chrX	172001	2781000	DTB-034-BL	1.435	amp	1476500.5
chrX	2781001	3835500	DTB-034-BL	2.235	amp	3308250.5
chrX	3916001	30601000	DTB-034-BL	2.27	amp	17258500.5
chrX	30601001	30604000	DTB-034-BL	1.565	amp	30602500.5
chrX	30604001	40589000	DTB-034-BL	2.265	amp	35596500.5
chrX	40589001	40598000	DTB-034-BL	2.63	amp	40593500.5
chrX	40598001	58266000	DTB-034-BL	2.275	amp	49432000.5
chrX	58266001	58288000	DTB-034-BL	1.895	amp	58277000.5
chrX	58288001	66837000	DTB-034-BL	2.255	amp	62562500.5
chrX	66837001	66939000	DTB-034-BL	2.845	amp	66888000.5
chrX	66939001	72166000	DTB-034-BL	2.265	amp	69552500.5
chrX	72166001	72741000	DTB-034-BL	3.385	amp	72453500.5
chrX	72741001	72823500	DTB-034-BL	2.135	amp	72782250.5
chrX	72823501	72893500	DTB-034-BL	3.56	amp	72858500.5
chrX	72893501	72979000	DTB-034-BL	2.51	amp	72936250.5
chrX	144161001	144164000	DTB-034-BL	1.705	amp	144162500.5
chrX	153113001	153149000	DTB-034-BL	2.05	amp	153131000.5
chrX	153187001	153191000	DTB-034-BL	2.31	amp	153189000.5
chrX	153191001	153251000	DTB-034-BL	3.445	amp	153221000.5
chrX	153251001	153294000	DTB-034-BL	2.15	amp	153272500.5
chrX	153294001	153916000	DTB-034-BL	3.21	amp	153605000.5
chrX	153916001	154267500	DTB-034-BL	3.89	amp	154091750.5
chrX	154267501	154506000	DTB-034-BL	2.64	amp	154386750.5
chrX	154506001	154557000	DTB-034-BL	3.54	amp	154531500.5
chrX	154557001	154641000	DTB-034-BL	2.235	amp	154599000.5
chrX	1	24000	DTB-035-BL	1.56	amp	12000.5
chrX	2781001	3246000	DTB-035-BL	1.68	amp	3013500.5
chrX	3246001	3251000	DTB-035-BL	2.245	amp	3248500.5
chrX	3251001	3835500	DTB-035-BL	1.695	amp	3543250.5
chrX	3916001	33565000	DTB-035-BL	1.72	amp	18740500.5
chrX	33565001	33569000	DTB-035-BL	2.43	amp	33567000.5
chrX	33569001	56927000	DTB-035-BL	1.705	amp	45248000.5
chrX	56927001	56947000	DTB-035-BL	1.995	amp	56937000.5
chrX	56947001	66846000	DTB-035-BL	1.72	amp	61896500.5
chrX	66846001	67060500	DTB-035-BL	2.405	amp	66953250.5
chrX	67060501	69956000	DTB-035-BL	1.7	amp	68508250.5
chrX	49961001	49968000	DTB-036-BL	1.455	amp	49964500.5
chrX	65210501	65214000	DTB-036-BL	1.725	amp	65212250.5
chrX	73007001	74260000	DTB-036-BL	0.09	del	73633500.5
chrX	74260001	74584000	DTB-036-BL	0.125	del	74422000.5
chrX	74584001	74605000	DTB-036-BL	0.085	del	74594500.5
chrX	92421001	92424500	DTB-036-BL	1.71	amp	92422750.5
chrX	123937001	123948000	DTB-036-BL	1.48	amp	123942500.5
chrX	136458001	136463000	DTB-036-BL	1.55	amp	136460500.5
chrX	137589001	137592000	DTB-036-BL	1.645	amp	137590500.5
chrX	152274001	152283000	DTB-036-BL	1.415	amp	152278500.5
chrX	155571001	155574000	DTB-036-BL	2.025	amp	155572500.5
chrX	24903001	25390000	DTB-037-BL	1.455	amp	25146500.5
chrX	25390001	28464000	DTB-037-BL	2.305	amp	26927000.5
chrX	28464001	40616000	DTB-037-BL	1.445	amp	34540000.5
chrX	40616001	44979000	DTB-037-BL	2.345	amp	42797500.5
chrX	44979001	44996000	DTB-037-BL	1.465	amp	44987500.5
chrX	44996001	45010000	DTB-037-BL	2.39	amp	45003000.5
chrX	45010001	51285000	DTB-037-BL	1.46	amp	48147500.5
chrX	51294001	53552000	DTB-037-BL	1.445	amp	52423000.5
chrX	53552001	53560000	DTB-037-BL	1.82	amp	53556000.5
chrX	53560001	53588000	DTB-037-BL	1.485	amp	53574000.5
chrX	53588001	58483000	DTB-037-BL	2.32	amp	56035500.5
chrX	58483001	58497000	DTB-037-BL	3.975	amp	58490000.5
chrX	58497001	63514000	DTB-037-BL	2.36	amp	61005500.5
chrX	63514001	63526000	DTB-037-BL	1.505	amp	63520000.5
chrX	63526001	63769000	DTB-037-BL	2.415	amp	63647500.5
chrX	63769001	63779000	DTB-037-BL	1.715	amp	63774000.5
chrX	63779001	63801000	DTB-037-BL	2.36	amp	63790000.5
chrX	63801001	66320000	DTB-037-BL	1.57	amp	65060500.5
chrX	66320001	66700000	DTB-037-BL	2.46	amp	66510000.5
chrX	66700001	66722000	DTB-037-BL	1.53	amp	66711000.5
chrX	66722001	68069000	DTB-037-BL	2.41	amp	67395500.5
chrX	68069001	68076000	DTB-037-BL	1.5	amp	68072500.5
chrX	68076001	68091000	DTB-037-BL	2.485	amp	68083500.5
chrX	108773001	108777000	DTB-037-BL	1.64	amp	108775000.5
chrX	120452001	120458000	DTB-037-BL	1.4	amp	120455000.5
chrX	125272001	125281000	DTB-037-BL	1.47	amp	125276500.5
chrX	143653001	143658500	DTB-037-BL	1.6	amp	143655750.5
chrX	155456001	155462000	DTB-037-BL	1.415	amp	155459000.5
chrX	133787001	141819500	DTB-040-BL	1.735	amp	137803250.5
chrX	141819501	141878000	DTB-040-BL	0.04	del	141848750.5
chrX	141878001	144075000	DTB-040-BL	1.73	amp	142976500.5
chrX	144075001	144212000	DTB-040-BL	1.475	amp	144143500.5
chrX	144212001	145991000	DTB-040-BL	1.73	amp	145101500.5
chrX	145991001	146425000	DTB-040-BL	0.045	del	146208000.5
chrX	146425001	146770000	DTB-040-BL	1.75	amp	146597500.5
chrX	146770001	146791000	DTB-040-BL	0.035	del	146780500.5
chrX	146793001	155701000	DTB-040-BL	1.725	amp	151247000.5
chrX	238001	249000	DTB-042-BL	1.405	amp	243500.5
chrX	30522001	30537000	DTB-042-BL	1.435	amp	30529500.5
chrX	46668001	46674000	DTB-042-BL	1.41	amp	46671000.5
chrX	143655001	143659000	DTB-042-BL	1.875	amp	143657000.5
chrX	58573001	62472500	DTB-053-BL	1.83	amp	60522750.5
chrX	108776001	114280000	DTB-053-BL	1.405	amp	111528000.5
chrX	114333001	115840000	DTB-053-BL	1.4	amp	115086500.5
chrX	115889001	125272000	DTB-053-BL	1.4	amp	120580500.5
chrX	154518001	154530000	DTB-053-BL	1.435	amp	154524000.5
chrX	154575001	155701000	DTB-053-BL	1.415	amp	155138000.5
chrX	155160001	155163000	DTB-055-PRO	1.545	amp	155161500.5
chrX	64576001	64579000	DTB-059-BL	1.6	amp	64577500.5
chrX	66319001	68703000	DTB-059-BL	47.475	amp	67511000.5
chrX	73054001	73078000	DTB-059-BL	43.605	amp	73066000.5
chrX	101189001	155701000	DTB-059-BL	1.535	amp	128445000.5
chrX	66343001	66367000	DTB-060-BL	45.025	amp	66355000.5
chrX	66370001	66372000	DTB-060-BL	30.65	amp	66371000.5
chrX	66372001	68132000	DTB-060-BL	46.94	amp	67252000.5
chrX	76632001	76715000	DTB-060-BL	46.375	amp	76673500.5
chrX	1	1175000	DTB-061-BL	1.58	amp	587500.5
chrX	1179001	34174000	DTB-061-BL	1.79	amp	17676500.5
chrX	34185001	42183000	DTB-061-BL	1.805	amp	38184000.5
chrX	42183001	57908000	DTB-061-BL	2.37	amp	50045500.5
chrX	57908001	57915000	DTB-061-BL	1.8	amp	57911500.5
chrX	57915001	64732000	DTB-061-BL	2.38	amp	61323500.5
chrX	64732001	65488000	DTB-061-BL	3.5	amp	65110000.5
chrX	65488001	68438000	DTB-061-BL	2.36	amp	66963000.5
chrX	68438001	69010000	DTB-061-BL	4.46	amp	68724000.5
chrX	69010001	69688000	DTB-061-BL	2.295	amp	69349000.5
chrX	69688001	86389000	DTB-061-BL	1.805	amp	78038500.5
chrX	97251001	97254000	DTB-061-BL	0.11	del	97252500.5
chrX	126777001	126780000	DTB-061-BL	1.545	amp	126778500.5
chrX	2781001	3835500	DTB-063-BL	1.6	amp	3308250.5
chrX	3870001	5924000	DTB-063-BL	1.775	amp	4897000.5
chrX	5924001	5928000	DTB-063-BL	2.58	amp	5926000.5
chrX	5928001	21670000	DTB-063-BL	1.855	amp	13799000.5
chrX	21670001	21683000	DTB-063-BL	2.185	amp	21676500.5
chrX	21683001	23332000	DTB-063-BL	1.85	amp	22507500.5
chrX	23332001	23335000	DTB-063-BL	1.48	amp	23333500.5
chrX	23335001	30324000	DTB-063-BL	1.845	amp	26829500.5
chrX	32211001	32393000	DTB-063-BL	1.585	amp	32302000.5
chrX	32791001	32795000	DTB-063-BL	1.405	amp	32793000.5
chrX	52617001	52688500	DTB-063-BL	1.54	amp	52652750.5
chrX	66698001	66925000	DTB-063-BL	14.515	amp	66811500.5
chrX	66925001	66932000	DTB-063-BL	11.23	amp	66928500.5
chrX	66932001	68217000	DTB-063-BL	14.785	amp	67574500.5
chrX	68217001	68221000	DTB-063-BL	9.785	amp	68219000.5
chrX	68221001	68807000	DTB-063-BL	14.095	amp	68514000.5
chrX	68807001	68819000	DTB-063-BL	16.95	amp	68813000.5
chrX	68819001	69948000	DTB-063-BL	14.115	amp	69383500.5
chrX	105830001	106308000	DTB-063-BL	1.535	amp	106069000.5
chrX	106311001	106437000	DTB-063-BL	1.54	amp	106374000.5
chrX	113249001	120231000	DTB-063-BL	1.545	amp	116740000.5
chrX	134411001	134874000	DTB-063-BL	1.54	amp	134642500.5
chrX	1179001	43039000	DTB-064-BL	1.475	amp	22109000.5
chrX	43039001	43052000	DTB-064-BL	1.79	amp	43045500.5
chrX	43052001	66852000	DTB-064-BL	1.485	amp	54952000.5
chrX	66852001	67148000	DTB-064-BL	2.145	amp	67000000.5
chrX	67148001	68592000	DTB-064-BL	1.48	amp	67870000.5
chrX	68592001	68595000	DTB-064-BL	2.295	amp	68593500.5
chrX	68595001	71518000	DTB-064-BL	1.49	amp	70056500.5
chrX	71518001	71522000	DTB-064-BL	2.19	amp	71520000.5
chrX	71522001	77128000	DTB-064-BL	1.475	amp	74325000.5
chrX	77128001	77131000	DTB-064-BL	2.2	amp	77129500.5
chrX	77131001	115738000	DTB-064-BL	1.47	amp	96434500.5
chrX	115865001	116913000	DTB-064-BL	1.46	amp	116389000.5
chrX	116913001	116916000	DTB-064-BL	2.29	amp	116914500.5
chrX	116916001	125273000	DTB-064-BL	1.485	amp	121094500.5
chrX	125273001	125280000	DTB-064-BL	2.035	amp	125276500.5
chrX	125280001	141057500	DTB-064-BL	1.48	amp	133168750.5
chrX	141057501	141067000	DTB-064-BL	2.79	amp	141062250.5
chrX	141067001	143655000	DTB-064-BL	1.465	amp	142361000.5
chrX	143655001	143659000	DTB-064-BL	2.585	amp	143657000.5
chrX	143659001	156011000	DTB-064-BL	1.465	amp	149835000.5
chrX	156014001	156024000	DTB-064-BL	1.415	amp	156019000.5
chrX	50225001	50280000	DTB-067-PRO	1.58	amp	50252500.5
chrX	57697001	57700000	DTB-067-PRO	2.095	amp	57698500.5
chrX	125274001	125281000	DTB-067-PRO	1.595	amp	125277500.5
chrX	143655001	143659000	DTB-067-PRO	1.915	amp	143657000.5
chrX	1	1176000	DTB-069-BL	1.62	amp	588000.5
chrX	1176001	1179000	DTB-069-BL	2.37	amp	1177500.5
chrX	1179001	2781000	DTB-069-BL	1.605	amp	1980000.5
chrX	2781001	58483000	DTB-069-BL	1.91	amp	30632000.5
chrX	58483001	58499000	DTB-069-BL	3.425	amp	58491000.5
chrX	58499001	64457000	DTB-069-BL	1.935	amp	61478000.5
chrX	64457001	64665000	DTB-069-BL	10.115	amp	64561000.5
chrX	64665001	65107000	DTB-069-BL	15.39	amp	64886000.5
chrX	65107001	66188000	DTB-069-BL	6.405	amp	65647500.5
chrX	66188001	66641000	DTB-069-BL	10.115	amp	66414500.5
chrX	66641001	66814000	DTB-069-BL	12.095	amp	66727500.5
chrX	66814001	66848000	DTB-069-BL	17.31	amp	66831000.5
chrX	66848001	66864000	DTB-069-BL	12.74	amp	66856000.5
chrX	66864001	67210000	DTB-069-BL	17.515	amp	67037000.5
chrX	67210001	67304000	DTB-069-BL	22.155	amp	67257000.5
chrX	67304001	67323000	DTB-069-BL	16.545	amp	67313500.5
chrX	67323001	67733000	DTB-069-BL	21.585	amp	67528000.5
chrX	67733001	67736000	DTB-069-BL	7.52	amp	67734500.5
chrX	127849001	127852000	DTB-069-BL	1.545	amp	127850500.5
chrX	783001	786000	DTB-071-BL	0.14	del	784500.5
chrX	2782001	2975000	DTB-071-BL	0.085	del	2878500.5
chrX	2975001	3540000	DTB-071-BL	0.05	del	3257500.5
chrX	3540001	4031000	DTB-071-BL	0.065	del	3785500.5
chrX	4031001	4857000	DTB-071-BL	0.035	del	4444000.5
chrX	56635001	57300000	DTB-071-BL	3.13	amp	56967500.5
chrX	57300001	57742000	DTB-071-BL	2.045	amp	57521000.5
chrX	57742001	66158000	DTB-071-BL	1.47	amp	61950000.5
chrX	66158001	66161000	DTB-071-BL	17.455	amp	66159500.5
chrX	66161001	66211000	DTB-071-BL	39.39	amp	66186000.5
chrX	66211001	66727000	DTB-071-BL	21.525	amp	66469000.5
chrX	66727001	66811000	DTB-071-BL	30.265	amp	66769000.5
chrX	66811001	66925000	DTB-071-BL	38.51	amp	66868000.5
chrX	66925001	66928000	DTB-071-BL	24.885	amp	66926500.5
chrX	66928001	67232000	DTB-071-BL	36.26	amp	67080000.5
chrX	67232001	67861000	DTB-071-BL	21.37	amp	67546500.5
chrX	67861001	68727000	DTB-071-BL	2.45	amp	68294000.5
chrX	68727001	68739000	DTB-071-BL	2.81	amp	68733000.5
chrX	68739001	69334000	DTB-071-BL	2.385	amp	69036500.5
chrX	69334001	69339500	DTB-071-BL	3.255	amp	69336750.5
chrX	69339501	71798000	DTB-071-BL	2.495	amp	70568750.5
chrX	71798001	71880000	DTB-071-BL	1.605	amp	71839000.5
chrX	143654501	143659000	DTB-071-BL	1.905	amp	143656750.5
chrX	9021001	9024000	DTB-074-BL	1.98	amp	9022500.5
chrX	70523001	70528000	DTB-074-BL	1.455	amp	70525500.5
chrX	142944001	142947000	DTB-074-BL	1.55	amp	142945500.5
chrX	143653001	143658500	DTB-074-BL	1.62	amp	143655750.5
chrX	149047001	149051000	DTB-074-BL	1.48	amp	149049000.5
chrX	1	1362000	DTB-077-PRO	1.44	amp	681000.5
chrX	1362001	1368000	DTB-077-PRO	1.79	amp	1365000.5
chrX	1368001	2782000	DTB-077-PRO	1.44	amp	2075000.5
chrX	2782001	3835500	DTB-077-PRO	1.735	amp	3308750.5
chrX	3930001	3995000	DTB-077-PRO	1.69	amp	3962500.5
chrX	3995001	3998000	DTB-077-PRO	2.845	amp	3996500.5
chrX	3998001	17100000	DTB-077-PRO	1.745	amp	10549000.5
chrX	17100001	32444000	DTB-077-PRO	3.26	amp	24772000.5
chrX	32447001	53577000	DTB-077-PRO	3.24	amp	43012000.5
chrX	53577001	53581000	DTB-077-PRO	2.39	amp	53579000.5
chrX	53581001	56963000	DTB-077-PRO	3.255	amp	55272000.5
chrX	56963001	57859000	DTB-077-PRO	1.745	amp	57411000.5
chrX	57859001	57863000	DTB-077-PRO	2.46	amp	57861000.5
chrX	57863001	66814000	DTB-077-PRO	1.745	amp	62338500.5
chrX	66814001	67042000	DTB-077-PRO	3.24	amp	66928000.5
chrX	67042001	120540000	DTB-077-PRO	1.75	amp	93791000.5
chrX	120540001	120547000	DTB-077-PRO	2.265	amp	120543500.5
chrX	120547001	143651000	DTB-077-PRO	1.745	amp	132099000.5
chrX	143659001	152147000	DTB-077-PRO	1.735	amp	147903000.5
chrX	152147001	152154000	DTB-077-PRO	1.45	amp	152150500.5
chrX	152154001	155701000	DTB-077-PRO	1.72	amp	153927500.5
chrX	155980001	156022000	DTB-077-PRO	1.725	amp	156001000.5
chrX	36883001	36886000	DTB-080-BL	1.77	amp	36884500.5
chrX	55678501	55684000	DTB-080-BL	3.56	amp	55681250.5
chrX	62518001	62677000	DTB-080-BL	1.62	amp	62597500.5
chrX	63564001	63567000	DTB-080-BL	1.7	amp	63565500.5
chrX	66880001	68624000	DTB-080-BL	4.835	amp	67752000.5
chrX	68624001	68962000	DTB-080-BL	7.625	amp	68793000.5
chrX	68962001	68970000	DTB-080-BL	9.775	amp	68966000.5
chrX	68970001	69550000	DTB-080-BL	7.555	amp	69260000.5
chrX	69550001	69831000	DTB-080-BL	9.725	amp	69690500.5
chrX	69831001	70089000	DTB-080-BL	3.295	amp	69960000.5
chrX	70089001	70398000	DTB-080-BL	2.64	amp	70243500.5
chrX	70398001	70426000	DTB-080-BL	3.605	amp	70412000.5
chrX	70426001	70438000	DTB-080-BL	2.78	amp	70432000.5
chrX	70438001	71432000	DTB-080-BL	3.27	amp	70935000.5
chrX	71432001	71434000	DTB-080-BL	2.09	amp	71433000.5
chrX	155564501	155572000	DTB-080-BL	1.68	amp	155568250.5
chrX	50226001	50280000	DTB-083-BL	1.555	amp	50253000.5
chrX	66892001	66926000	DTB-083-BL	1.73	amp	66909000.5
chrX	127637001	127640000	DTB-083-BL	1.59	amp	127638500.5
chrX	143655001	143659000	DTB-083-BL	2.365	amp	143657000.5
chrX	54019001	54025000	DTB-085-BL	1.63	amp	54022000.5
chrX	58483001	58501500	DTB-085-BL	4.335	amp	58492250.5
chrX	58661001	62500000	DTB-085-BL	2.23	amp	60580500.5
chrX	62500001	64866000	DTB-085-BL	3.015	amp	63683000.5
chrX	64866001	66026000	DTB-085-BL	4.125	amp	65446000.5
chrX	66026001	69265000	DTB-085-BL	3.425	amp	67645500.5
chrX	69265001	69269000	DTB-085-BL	4.415	amp	69267000.5
chrX	69269001	72566000	DTB-085-BL	3.43	amp	70917500.5
chrX	72566001	72680000	DTB-085-BL	4.4	amp	72623000.5
chrX	72680001	72683000	DTB-085-BL	2.715	amp	72681500.5
chrX	72683001	72698000	DTB-085-BL	4.68	amp	72690500.5
chrX	72698001	73060000	DTB-085-BL	3.395	amp	72879000.5
chrX	73060001	74045000	DTB-085-BL	2.565	amp	73552500.5
chrX	74045001	74226000	DTB-085-BL	7.805	amp	74135500.5
chrX	74226001	74228000	DTB-085-BL	3.1	amp	74227000.5
chrX	141537001	141541000	DTB-085-BL	2.29	amp	141539000.5
chrX	143654501	143659000	DTB-085-BL	6.805	amp	143656750.5
chrX	1	14000000	DTB-089-BL	1.585	amp	7000000.5
chrX	14009001	29332000	DTB-089-BL	1.615	amp	21670500.5
chrX	29345001	62477500	DTB-089-BL	1.625	amp	45911250.5
chrX	62477501	65700000	DTB-089-BL	2.61	amp	64088750.5
chrX	65700001	66687000	DTB-089-BL	3.91	amp	66193500.5
chrX	66687001	66882000	DTB-089-BL	2.95	amp	66784500.5
chrX	66882001	66886000	DTB-089-BL	7.31	amp	66884000.5
chrX	66886001	67633000	DTB-089-BL	11.19	amp	67259500.5
chrX	67633001	68201000	DTB-089-BL	16.76	amp	67917000.5
chrX	68201001	68217000	DTB-089-BL	13.27	amp	68209000.5
chrX	68217001	68222000	DTB-089-BL	9.725	amp	68219500.5
chrX	68222001	68239000	DTB-089-BL	13.285	amp	68230500.5
chrX	68239001	68395000	DTB-089-BL	18.015	amp	68317000.5
chrX	68395001	69013000	DTB-089-BL	12.34	amp	68704000.5
chrX	69013001	69022000	DTB-089-BL	14.41	amp	69017500.5
chrX	69022001	69627000	DTB-089-BL	12.06	amp	69324500.5
chrX	69627001	69630000	DTB-089-BL	7.22	amp	69628500.5
chrX	143653001	143659000	DTB-089-BL	2.03	amp	143656000.5
chrX	155697001	155701000	DTB-089-BL	1.645	amp	155699000.5
chrX	155988001	156016000	DTB-089-BL	1.605	amp	156002000.5
chrX	10569001	10579000	DTB-090-PRO	48.82	amp	10574000.5
chrX	48850001	48857000	DTB-090-PRO	1.415	amp	48853500.5
chrX	65189001	65192000	DTB-090-PRO	1.875	amp	65190500.5
chrX	66791001	67984000	DTB-090-PRO	72.55	amp	67387500.5
chrX	79567001	114053000	DTB-090-PRO	1.535	amp	96810000.5
chrX	114053001	114065000	DTB-090-PRO	1.855	amp	114059000.5
chrX	114065001	115736000	DTB-090-PRO	1.54	amp	114900500.5
chrX	115789001	127671000	DTB-090-PRO	1.535	amp	121730000.5
chrX	127671001	127676000	DTB-090-PRO	2.095	amp	127673500.5
chrX	127676001	129172000	DTB-090-PRO	1.53	amp	128424000.5
chrX	129172001	155701000	DTB-090-PRO	1.96	amp	142436500.5
chrX	155701001	156021000	DTB-090-PRO	1.505	amp	155861000.5
chrX	1	27500	DTB-091-BL	1.49	amp	13750.5
chrX	69001	2781000	DTB-091-BL	1.42	amp	1425000.5
chrX	2781001	3852500	DTB-091-BL	1.675	amp	3316750.5
chrX	3916001	21951000	DTB-091-BL	1.715	amp	12933500.5
chrX	21972001	26472000	DTB-091-BL	1.725	amp	24222000.5
chrX	26809001	28440000	DTB-091-BL	1.71	amp	27624500.5
chrX	30156001	30179000	DTB-091-BL	0.135	del	30167500.5
chrX	31041001	35391000	DTB-091-BL	1.705	amp	33216000.5
chrX	35391001	35394000	DTB-091-BL	2.785	amp	35392500.5
chrX	35394001	59079500	DTB-091-BL	1.7	amp	47236750.5
chrX	59079501	59188000	DTB-091-BL	3.155	amp	59133750.5
chrX	59188001	62466000	DTB-091-BL	1.725	amp	60827000.5
chrX	62466001	62515000	DTB-091-BL	3.02	amp	62490500.5
chrX	62515001	66310000	DTB-091-BL	3.6	amp	64412500.5
chrX	66310001	66323000	DTB-091-BL	4.7	amp	66316500.5
chrX	66323001	66421000	DTB-091-BL	9.435	amp	66372000.5
chrX	66421001	66429000	DTB-091-BL	5.275	amp	66425000.5
chrX	66429001	66529000	DTB-091-BL	9.535	amp	66479000.5
chrX	66529001	66577000	DTB-091-BL	16.17	amp	66553000.5
chrX	66577001	66618000	DTB-091-BL	21.35	amp	66597500.5
chrX	66618001	66719000	DTB-091-BL	16.45	amp	66668500.5
chrX	66719001	67434000	DTB-091-BL	11.57	amp	67076500.5
chrX	67434001	67886000	DTB-091-BL	14.885	amp	67660000.5
chrX	67886001	67899000	DTB-091-BL	10.955	amp	67892500.5
chrX	67899001	68500000	DTB-091-BL	14.515	amp	68199500.5
chrX	68500001	68519000	DTB-091-BL	21.5	amp	68509500.5
chrX	68519001	68521000	DTB-091-BL	14.805	amp	68520000.5
chrX	68521001	68841000	DTB-091-BL	7.005	amp	68681000.5
chrX	68841001	69562000	DTB-091-BL	1.415	amp	69201500.5
chrX	109090001	109212000	DTB-091-BL	1.45	amp	109151000.5
chrX	110076001	110107000	DTB-091-BL	1.485	amp	110091500.5
chrX	112702001	112732000	DTB-091-BL	1.47	amp	112717000.5
chrX	145940001	145986000	DTB-091-BL	1.415	amp	145963000.5
chrX	145986001	146013000	DTB-091-BL	5.875	amp	145999500.5
chrX	146864001	147001000	DTB-091-BL	6.26	amp	146932500.5
chrX	155570001	155573000	DTB-091-BL	1.89	amp	155571500.5
chrX	1	96000	DTB-092-BL	1.62	amp	48000.5
chrX	1921001	3835500	DTB-092-BL	1.605	amp	2878250.5
chrX	3916001	62827000	DTB-092-BL	1.675	amp	33371500.5
chrX	62827001	63911000	DTB-092-BL	2.05	amp	63369000.5
chrX	63911001	63914000	DTB-092-BL	4.01	amp	63912500.5
chrX	63914001	63976000	DTB-092-BL	2.035	amp	63945000.5
chrX	64006001	64114500	DTB-092-BL	2.075	amp	64060250.5
chrX	64114501	64126000	DTB-092-BL	3.01	amp	64120250.5
chrX	64126001	64142000	DTB-092-BL	2.045	amp	64134000.5
chrX	64484001	64567000	DTB-092-BL	2.71	amp	64525500.5
chrX	64567001	64586000	DTB-092-BL	3.64	amp	64576500.5
chrX	64586001	64775000	DTB-092-BL	4.705	amp	64680500.5
chrX	64775001	64803000	DTB-092-BL	5.54	amp	64789000.5
chrX	64803001	65165000	DTB-092-BL	7.605	amp	64984000.5
chrX	65165001	65390000	DTB-092-BL	9.26	amp	65277500.5
chrX	65390001	65615000	DTB-092-BL	11.24	amp	65502500.5
chrX	65615001	65621000	DTB-092-BL	9.54	amp	65618000.5
chrX	65621001	66097000	DTB-092-BL	11.78	amp	65859000.5
chrX	66097001	66351000	DTB-092-BL	26.11	amp	66224000.5
chrX	66351001	67328000	DTB-092-BL	19.94	amp	66839500.5
chrX	67328001	67919000	DTB-092-BL	25.255	amp	67623500.5
chrX	67919001	68631000	DTB-092-BL	31.9	amp	68275000.5
chrX	2784001	5312000	DTB-094-BL	1.455	amp	4048000.5
chrX	5515001	6363000	DTB-094-BL	1.445	amp	5939000.5
chrX	6363001	7003000	DTB-094-BL	2.185	amp	6683000.5
chrX	7003001	66195000	DTB-094-BL	1.47	amp	36599000.5
chrX	66195001	66384000	DTB-094-BL	7.43	amp	66289500.5
chrX	66384001	66589000	DTB-094-BL	10.34	amp	66486500.5
chrX	66589001	66592000	DTB-094-BL	14.285	amp	66590500.5
chrX	66592001	66638000	DTB-094-BL	10.465	amp	66615000.5
chrX	66638001	66643000	DTB-094-BL	8.235	amp	66640500.5
chrX	66643001	66775000	DTB-094-BL	10.475	amp	66709000.5
chrX	66775001	66777000	DTB-094-BL	7.69	amp	66776000.5
chrX	66777001	66835000	DTB-094-BL	4.545	amp	66806000.5
chrX	66835001	66925000	DTB-094-BL	5.96	amp	66880000.5
chrX	66925001	66928000	DTB-094-BL	3.965	amp	66926500.5
chrX	66928001	67336000	DTB-094-BL	5.975	amp	67132000.5
chrX	67336001	68217000	DTB-094-BL	16.04	amp	67776500.5
chrX	68217001	68221000	DTB-094-BL	11.595	amp	68219000.5
chrX	68221001	68454000	DTB-094-BL	15.38	amp	68337500.5
chrX	68454001	68456000	DTB-094-BL	9.615	amp	68455000.5
chrX	116577001	116615000	DTB-094-BL	1.65	amp	116596000.5
chrX	21001	226000	DTB-097-PRO	1.44	amp	123500.5
chrX	2782001	155570000	DTB-097-PRO	1.48	amp	79176000.5
chrX	155574001	155701000	DTB-097-PRO	1.515	amp	155637500.5
chrX	230001	249000	DTB-098-PRO2	2.095	amp	239500.5
chrX	249001	267000	DTB-098-PRO2	1.675	amp	258000.5
chrX	267001	272000	DTB-098-PRO2	2.115	amp	269500.5
chrX	272001	1175000	DTB-098-PRO2	1.605	amp	723500.5
chrX	1180001	2781000	DTB-098-PRO2	1.635	amp	1980500.5
chrX	2781001	3835500	DTB-098-PRO2	2.425	amp	3308250.5
chrX	3870001	27404000	DTB-098-PRO2	2.48	amp	15637000.5
chrX	62476001	62489000	DTB-098-PRO2	2.395	amp	62482500.5
chrX	99359001	99376000	DTB-098-PRO2	1.52	amp	99367500.5
chrX	107217001	107234000	DTB-098-PRO2	1.55	amp	107225500.5
chrX	23692001	24858000	DTB-100-BL	2.57	amp	24275000.5
chrX	39966001	39972000	DTB-100-BL	1.605	amp	39969000.5
chrX	58292001	59098500	DTB-100-BL	1.435	amp	58695250.5
chrX	59098501	59234500	DTB-100-BL	3.11	amp	59166500.5
chrX	66289001	66827000	DTB-100-BL	1.98	amp	66558000.5
chrX	66827001	67176000	DTB-100-BL	3.19	amp	67001500.5
chrX	67176001	69504000	DTB-100-BL	1.93	amp	68340000.5
chrX	69507001	70317000	DTB-100-BL	1.935	amp	69912000.5
chrX	70317001	71518000	DTB-100-BL	2.53	amp	70917500.5
chrX	71518001	71525000	DTB-100-BL	3.33	amp	71521500.5
chrX	71525001	71798000	DTB-100-BL	2.46	amp	71661500.5
chrX	71798001	71819000	DTB-100-BL	1.835	amp	71808500.5
chrX	71819001	71907000	DTB-100-BL	2.595	amp	71863000.5
chrX	71907001	71916000	DTB-100-BL	2.155	amp	71911500.5
chrX	71916001	71974000	DTB-100-BL	2.59	amp	71945000.5
chrX	71974001	72010000	DTB-100-BL	1.92	amp	71992000.5
chrX	72010001	72015000	DTB-100-BL	2.56	amp	72012500.5
chrX	72015001	72485000	DTB-100-BL	3.11	amp	72250000.5
chrX	72485001	72967500	DTB-100-BL	2.585	amp	72726250.5
chrX	72967501	73700000	DTB-100-BL	1.935	amp	73333750.5
chrX	102198501	102249000	DTB-100-BL	2.175	amp	102223750.5
chrX	102249001	102494000	DTB-100-BL	2.815	amp	102371500.5
chrX	102494001	103015000	DTB-100-BL	1.93	amp	102754500.5
chrX	108773001	108777000	DTB-100-BL	0.06	del	108775000.5
chrX	125272501	125280000	DTB-100-BL	0.09	del	125276250.5
chrX	38578001	44273000	DTB-101-BL	2.655	amp	41425500.5
chrX	44273001	57306000	DTB-101-BL	1.665	amp	50789500.5
chrX	66659001	66667000	DTB-101-BL	9.77	amp	66663000.5
chrX	66667001	67601000	DTB-101-BL	12.71	amp	67134000.5
chrX	67601001	68201000	DTB-101-BL	15.29	amp	67901000.5
chrX	68201001	68569000	DTB-101-BL	7.66	amp	68385000.5
chrX	43943001	44461000	DTB-102-PRO	2.635	amp	44202000.5
chrX	44723001	44802000	DTB-102-PRO	2.345	amp	44762500.5
chrX	44802001	45073000	DTB-102-PRO	3.73	amp	44937500.5
chrX	45073001	45376000	DTB-102-PRO	2.645	amp	45224500.5
chrX	45376001	45623000	DTB-102-PRO	3.9	amp	45499500.5
chrX	45623001	46072000	DTB-102-PRO	3.05	amp	45847500.5
chrX	46072001	46243000	DTB-102-PRO	1.755	amp	46157500.5
chrX	46243001	46458000	DTB-102-PRO	1.4	amp	46350500.5
chrX	46458001	46708000	DTB-102-PRO	2.555	amp	46583000.5
chrX	47072001	47244000	DTB-102-PRO	3.545	amp	47158000.5
chrX	47244001	47302000	DTB-102-PRO	2.95	amp	47273000.5
chrX	57400001	57731000	DTB-102-PRO	4.565	amp	57565500.5
chrX	57731001	57767000	DTB-102-PRO	8.41	amp	57749000.5
chrX	57767001	57769000	DTB-102-PRO	4.445	amp	57768000.5
chrX	57769001	57812000	DTB-102-PRO	1.74	amp	57790500.5
chrX	57812001	58188000	DTB-102-PRO	1.435	amp	58000000.5
chrX	58803001	62665000	DTB-102-PRO	1.495	amp	60734000.5
chrX	62665001	63188000	DTB-102-PRO	2.88	amp	62926500.5
chrX	63188001	63191000	DTB-102-PRO	2.155	amp	63189500.5
chrX	63191001	63373000	DTB-102-PRO	2.97	amp	63282000.5
chrX	63373001	63377000	DTB-102-PRO	3.855	amp	63375000.5
chrX	63377001	63413000	DTB-102-PRO	2.88	amp	63395000.5
chrX	63413001	63878000	DTB-102-PRO	1.4	amp	63645500.5
chrX	63878001	63905000	DTB-102-PRO	3.105	amp	63891500.5
chrX	63905001	64013500	DTB-102-PRO	4.53	amp	63959250.5
chrX	64013501	64020000	DTB-102-PRO	3.515	amp	64016750.5
chrX	64020001	64118000	DTB-102-PRO	4.635	amp	64069000.5
chrX	64118001	64167000	DTB-102-PRO	3.405	amp	64142500.5
chrX	64167001	64428000	DTB-102-PRO	1.76	amp	64297500.5
chrX	64428001	64814000	DTB-102-PRO	3.145	amp	64621000.5
chrX	64814001	64819000	DTB-102-PRO	2.085	amp	64816500.5
chrX	64819001	64900000	DTB-102-PRO	2.62	amp	64859500.5
chrX	64900001	65010000	DTB-102-PRO	3.375	amp	64955000.5
chrX	65010001	65032000	DTB-102-PRO	5.785	amp	65021000.5
chrX	65032001	65110000	DTB-102-PRO	3.435	amp	65071000.5
chrX	65110001	65117000	DTB-102-PRO	6.52	amp	65113500.5
chrX	65117001	65160000	DTB-102-PRO	4.69	amp	65138500.5
chrX	65160001	65393000	DTB-102-PRO	2.815	amp	65276500.5
chrX	65393001	66449000	DTB-102-PRO	1.835	amp	65921000.5
chrX	66449001	66517000	DTB-102-PRO	4.7	amp	66483000.5
chrX	66517001	66900000	DTB-102-PRO	5.94	amp	66708500.5
chrX	66900001	67132000	DTB-102-PRO	4.95	amp	67016000.5
chrX	67132001	67138000	DTB-102-PRO	6.27	amp	67135000.5
chrX	67138001	67541000	DTB-102-PRO	4.685	amp	67339500.5
chrX	67541001	67549000	DTB-102-PRO	3.765	amp	67545000.5
chrX	67549001	67604000	DTB-102-PRO	4.795	amp	67576500.5
chrX	67604001	68086000	DTB-102-PRO	6.465	amp	67845000.5
chrX	68086001	68592000	DTB-102-PRO	5.145	amp	68339000.5
chrX	68592001	68595000	DTB-102-PRO	7.64	amp	68593500.5
chrX	68595001	68862000	DTB-102-PRO	4.61	amp	68728500.5
chrX	68862001	68892000	DTB-102-PRO	3.37	amp	68877000.5
chrX	68892001	68936000	DTB-102-PRO	2.76	amp	68914000.5
chrX	68936001	69190000	DTB-102-PRO	4.075	amp	69063000.5
chrX	69190001	69525000	DTB-102-PRO	2.59	amp	69357500.5
chrX	69525001	69823500	DTB-102-PRO	1.41	amp	69674250.5
chrX	3996001	3999000	DTB-104-BL	1.52	amp	3997500.5
chrX	65517001	65536000	DTB-104-BL	31.315	amp	65526500.5
chrX	65536001	65618000	DTB-104-BL	16.43	amp	65577000.5
chrX	65874001	65916000	DTB-104-BL	17.47	amp	65895000.5
chrX	65916001	66840000	DTB-104-BL	33.975	amp	66378000.5
chrX	66840001	66923000	DTB-104-BL	50.19	amp	66881500.5
chrX	66923001	66931000	DTB-104-BL	36.945	amp	66927000.5
chrX	66931001	67626000	DTB-104-BL	50.8	amp	67278500.5
chrX	67626001	67706000	DTB-104-BL	33.75	amp	67666000.5
chrX	67706001	67750000	DTB-104-BL	49.885	amp	67728000.5
chrX	67750001	68051000	DTB-104-BL	34.805	amp	67900500.5
chrX	231501	568000	DTB-111-PRO	1.475	amp	399750.5
chrX	571001	1602000	DTB-111-PRO	1.465	amp	1086500.5
chrX	1607001	2781000	DTB-111-PRO	1.455	amp	2194000.5
chrX	2781001	7072000	DTB-111-PRO	1.81	amp	4926500.5
chrX	7072001	7129000	DTB-111-PRO	2.57	amp	7100500.5
chrX	7129001	7135000	DTB-111-PRO	2.035	amp	7132000.5
chrX	7135001	7403000	DTB-111-PRO	2.6	amp	7269000.5
chrX	7403001	7406000	DTB-111-PRO	3.715	amp	7404500.5
chrX	7406001	8044000	DTB-111-PRO	2.565	amp	7725000.5
chrX	8044001	8903000	DTB-111-PRO	1.815	amp	8473500.5
chrX	8903001	8945000	DTB-111-PRO	2.585	amp	8924000.5
chrX	8945001	9793000	DTB-111-PRO	1.815	amp	9369000.5
chrX	9793001	9851000	DTB-111-PRO	2.6	amp	9822000.5
chrX	9851001	13854000	DTB-111-PRO	1.805	amp	11852500.5
chrX	16727001	18879000	DTB-111-PRO	1.82	amp	17803000.5
chrX	18879001	18902000	DTB-111-PRO	2.645	amp	18890500.5
chrX	18902001	20709000	DTB-111-PRO	1.81	amp	19805500.5
chrX	23915001	23918000	DTB-111-PRO	1.535	amp	23916500.5
chrX	29013001	29372000	DTB-111-PRO	1.78	amp	29192500.5
chrX	34595001	35135000	DTB-111-PRO	1.82	amp	34865000.5
chrX	35135001	35693000	DTB-111-PRO	2.535	amp	35414000.5
chrX	35693001	38689000	DTB-111-PRO	1.81	amp	37191000.5
chrX	38689001	38737000	DTB-111-PRO	2.57	amp	38713000.5
chrX	38737001	40616000	DTB-111-PRO	1.8	amp	39676500.5
chrX	40616001	41610000	DTB-111-PRO	2.605	amp	41113000.5
chrX	41610001	41990000	DTB-111-PRO	1.83	amp	41800000.5
chrX	41990001	42519000	DTB-111-PRO	2.57	amp	42254500.5
chrX	42519001	42933000	DTB-111-PRO	1.82	amp	42726000.5
chrX	42933001	42944000	DTB-111-PRO	2.575	amp	42938500.5
chrX	42944001	44336000	DTB-111-PRO	1.825	amp	43640000.5
chrX	44336001	44377000	DTB-111-PRO	2.535	amp	44356500.5
chrX	44377001	44497000	DTB-111-PRO	1.85	amp	44437000.5
chrX	44497001	45013000	DTB-111-PRO	2.605	amp	44755000.5
chrX	45013001	45335000	DTB-111-PRO	1.815	amp	45174000.5
chrX	48979001	58536000	DTB-111-PRO	1.815	amp	53757500.5
chrX	58536001	62689000	DTB-111-PRO	2.605	amp	60612500.5
chrX	62689001	62971000	DTB-111-PRO	1.85	amp	62830000.5
chrX	62971001	63307000	DTB-111-PRO	2.54	amp	63139000.5
chrX	63307001	63766000	DTB-111-PRO	1.805	amp	63536500.5
chrX	63766001	63793000	DTB-111-PRO	2.52	amp	63779500.5
chrX	63793001	64373000	DTB-111-PRO	1.81	amp	64083000.5
chrX	64373001	64399000	DTB-111-PRO	2.62	amp	64386000.5
chrX	64399001	67316000	DTB-111-PRO	1.85	amp	65857500.5
chrX	67316001	67343000	DTB-111-PRO	2.685	amp	67329500.5
chrX	67343001	70157000	DTB-111-PRO	1.925	amp	68750000.5
chrX	70157001	70582000	DTB-111-PRO	2.63	amp	70369500.5
chrX	70582001	70681000	DTB-111-PRO	1.79	amp	70631500.5
chrX	70681001	71461000	DTB-111-PRO	2.59	amp	71071000.5
chrX	71461001	73326000	DTB-111-PRO	1.81	amp	72393500.5
chrX	75097001	75645000	DTB-111-PRO	1.76	amp	75371000.5
chrX	75645001	76521000	DTB-111-PRO	2.5	amp	76083000.5
chrX	76521001	84095000	DTB-111-PRO	1.765	amp	80308000.5
chrX	84095001	84150000	DTB-111-PRO	2.45	amp	84122500.5
chrX	84150001	88091000	DTB-111-PRO	1.76	amp	86120500.5
chrX	88091001	88128000	DTB-111-PRO	2.445	amp	88109500.5
chrX	88128001	89904000	DTB-111-PRO	1.75	amp	89016000.5
chrX	89904001	89909000	DTB-111-PRO	2.47	amp	89906500.5
chrX	89909001	93129000	DTB-111-PRO	1.745	amp	91519000.5
chrX	96595001	98620000	DTB-111-PRO	1.78	amp	97607500.5
chrX	98620001	98651000	DTB-111-PRO	2.485	amp	98635500.5
chrX	98651001	98839000	DTB-111-PRO	1.77	amp	98745000.5
chrX	98839001	98876000	DTB-111-PRO	2.46	amp	98857500.5
chrX	98876001	99993000	DTB-111-PRO	1.755	amp	99434500.5
chrX	99993001	100003000	DTB-111-PRO	2.145	amp	99998000.5
chrX	100003001	100749000	DTB-111-PRO	1.745	amp	100376000.5
chrX	100749001	100971500	DTB-111-PRO	2.565	amp	100860250.5
chrX	100971501	100976000	DTB-111-PRO	1.785	amp	100973750.5
chrX	100976001	101330000	DTB-111-PRO	2.575	amp	101153000.5
chrX	101330001	101672000	DTB-111-PRO	1.78	amp	101501000.5
chrX	101672001	101813000	DTB-111-PRO	2.535	amp	101742500.5
chrX	101813001	102002000	DTB-111-PRO	1.805	amp	101907500.5
chrX	102002001	102018000	DTB-111-PRO	2.625	amp	102010000.5
chrX	102018001	102198500	DTB-111-PRO	1.76	amp	102108250.5
chrX	102198501	102296500	DTB-111-PRO	2.275	amp	102247500.5
chrX	102296501	102429500	DTB-111-PRO	1.895	amp	102363000.5
chrX	102429501	103232000	DTB-111-PRO	2.53	amp	102830750.5
chrX	107540001	108773000	DTB-111-PRO	1.755	amp	108156500.5
chrX	108776001	110334000	DTB-111-PRO	1.765	amp	109555000.5
chrX	110334001	110338000	DTB-111-PRO	2.31	amp	110336000.5
chrX	110338001	110433000	DTB-111-PRO	1.755	amp	110385500.5
chrX	110433001	110469000	DTB-111-PRO	2.5	amp	110451000.5
chrX	110469001	110993000	DTB-111-PRO	1.73	amp	110731000.5
chrX	110993001	111011000	DTB-111-PRO	2.465	amp	111002000.5
chrX	111011001	113751000	DTB-111-PRO	1.755	amp	112381000.5
chrX	113751001	113758000	DTB-111-PRO	2.565	amp	113754500.5
chrX	113758001	114275000	DTB-111-PRO	1.76	amp	114016500.5
chrX	114275001	115058000	DTB-111-PRO	2.54	amp	114666500.5
chrX	115058001	115736000	DTB-111-PRO	1.75	amp	115397000.5
chrX	115736001	115738000	DTB-111-PRO	2.7	amp	115737000.5
chrX	115865001	119123000	DTB-111-PRO	1.76	amp	117494000.5
chrX	119123001	119377000	DTB-111-PRO	2.515	amp	119250000.5
chrX	119377001	119380000	DTB-111-PRO	3.5	amp	119378500.5
chrX	119380001	119605000	DTB-111-PRO	2.49	amp	119492500.5
chrX	119605001	121717000	DTB-111-PRO	1.77	amp	120661000.5
chrX	121717001	122035000	DTB-111-PRO	2.53	amp	121876000.5
chrX	122035001	122746000	DTB-111-PRO	1.765	amp	122390500.5
chrX	126443001	126885000	DTB-111-PRO	1.75	amp	126664000.5
chrX	127916001	128357000	DTB-111-PRO	1.745	amp	128136500.5
chrX	133543001	133547000	DTB-111-PRO	1.43	amp	133545000.5
chrX	141536001	141544000	DTB-111-PRO	1.71	amp	141540000.5
chrX	141618001	141650000	DTB-111-PRO	2.44	amp	141634000.5
chrX	141650001	143038000	DTB-111-PRO	1.76	amp	142344000.5
chrX	153873001	155564500	DTB-111-PRO	1.75	amp	154718750.5
chrX	155572501	155704000	DTB-111-PRO	1.79	amp	155638250.5
chrX	2779001	45904000	DTB-112-BL	1.565	amp	24341500.5
chrX	45904001	45909000	DTB-112-BL	2.12	amp	45906500.5
chrX	45909001	143654500	DTB-112-BL	1.57	amp	94781750.5
chrX	143654501	143659000	DTB-112-BL	3.295	amp	143656750.5
chrX	143659001	154026000	DTB-112-BL	1.57	amp	148842500.5
chrX	154030001	155702000	DTB-112-BL	1.565	amp	154866000.5
chrX	59311501	59554500	DTB-119-PRO	4.83	amp	59433000.5
chrX	66143001	66826000	DTB-119-PRO	2.32	amp	66484500.5
chrX	66826001	66930000	DTB-119-PRO	4.27	amp	66878000.5
chrX	66930001	68343000	DTB-119-PRO	2.305	amp	67636500.5
chrX	98592001	99134000	DTB-119-PRO	2.325	amp	98863000.5
chrX	146067001	146812000	DTB-121-BL	0.055	del	146439500.5
chrX	64070001	64073000	DTB-124-BL	1.545	amp	64071500.5
chrX	1175001	1179000	DTB-126-BL	1.43	amp	1177000.5
chrX	19135001	19454000	DTB-126-BL	1.41	amp	19294500.5
chrX	58483001	58499000	DTB-126-BL	2.035	amp	58491000.5
chrX	65800001	66047000	DTB-126-BL	1.425	amp	65923500.5
chrX	66047001	66294000	DTB-126-BL	2.37	amp	66170500.5
chrX	66294001	66388000	DTB-126-BL	3.065	amp	66341000.5
chrX	66388001	68319000	DTB-126-BL	4.545	amp	67353500.5
chrX	68319001	69291000	DTB-126-BL	2	amp	68805000.5
chrX	70309001	70313000	DTB-126-BL	1.83	amp	70311000.5
chrX	147808001	147815000	DTB-126-BL	1.86	amp	147811500.5
chrX	147815001	148268000	DTB-126-BL	2.725	amp	148041500.5
chrX	148268001	149233000	DTB-126-BL	2.28	amp	148750500.5
chrX	149233001	155936000	DTB-126-BL	1.59	amp	152584500.5
chrX	1	512000	DTB-127-PRO	2.025	amp	256000.5
chrX	515501	861000	DTB-127-PRO	1.985	amp	688250.5
chrX	861001	865000	DTB-127-PRO	2.615	amp	863000.5
chrX	865001	1674000	DTB-127-PRO	1.995	amp	1269500.5
chrX	1674001	1678000	DTB-127-PRO	2.63	amp	1676000.5
chrX	1678001	2781000	DTB-127-PRO	2.025	amp	2229500.5
chrX	9021001	9024000	DTB-127-PRO	2.175	amp	9022500.5
chrX	10013001	10016000	DTB-127-PRO	1.78	amp	10014500.5
chrX	10879001	10886000	DTB-127-PRO	1.63	amp	10882500.5
chrX	12331001	12334000	DTB-127-PRO	1.765	amp	12332500.5
chrX	16373001	16386000	DTB-127-PRO	1.465	amp	16379500.5
chrX	45372001	45378000	DTB-127-PRO	1.65	amp	45375000.5
chrX	50226001	50281000	DTB-127-PRO	1.765	amp	50253500.5
chrX	55611001	55616000	DTB-127-PRO	1.76	amp	55613500.5
chrX	57697001	57700000	DTB-127-PRO	2.56	amp	57698500.5
chrX	66871001	67047000	DTB-127-PRO	2.37	amp	66959000.5
chrX	73113001	73117000	DTB-127-PRO	1.705	amp	73115000.5
chrX	83016001	83021000	DTB-127-PRO	1.75	amp	83018500.5
chrX	86991001	86997000	DTB-127-PRO	1.565	amp	86994000.5
chrX	87022001	87027000	DTB-127-PRO	1.72	amp	87024500.5
chrX	96936001	96947000	DTB-127-PRO	1.545	amp	96941500.5
chrX	99005001	99023000	DTB-127-PRO	1.48	amp	99014000.5
chrX	102773001	102776000	DTB-127-PRO	1.48	amp	102774500.5
chrX	106786001	106790000	DTB-127-PRO	1.795	amp	106788000.5
chrX	125271001	125280000	DTB-127-PRO	1.755	amp	125275500.5
chrX	143655001	143659000	DTB-127-PRO	5.36	amp	143657000.5
chrX	9020001	9023000	DTB-128-BL	1.69	amp	9021500.5
chrX	12680001	12685000	DTB-128-BL	1.42	amp	12682500.5
chrX	16284001	16291000	DTB-128-BL	1.5	amp	16287500.5
chrX	26083001	26086000	DTB-128-BL	1.835	amp	26084500.5
chrX	41473001	41477000	DTB-128-BL	1.45	amp	41475000.5
chrX	50226001	50280000	DTB-128-BL	1.49	amp	50253000.5
chrX	57697001	57700000	DTB-128-BL	2.44	amp	57698500.5
chrX	65360001	65583000	DTB-128-BL	2.995	amp	65471500.5
chrX	65583001	65585000	DTB-128-BL	7.585	amp	65584000.5
chrX	65585001	68217000	DTB-128-BL	11.67	amp	66901000.5
chrX	68217001	68222000	DTB-128-BL	7.92	amp	68219500.5
chrX	68222001	69621000	DTB-128-BL	9.57	amp	68921500.5
chrX	83105001	83151000	DTB-128-BL	0.105	del	83128000.5
chrX	87365001	87368000	DTB-128-BL	0.085	del	87366500.5
chrX	91973001	91984500	DTB-128-BL	1.47	amp	91978750.5
chrX	91984501	91989500	DTB-128-BL	3.55	amp	91987000.5
chrX	119582001	119585000	DTB-128-BL	1.515	amp	119583500.5
chrX	139137001	139531000	DTB-128-BL	2.805	amp	139334000.5
chrX	153638001	153645000	DTB-128-BL	1.44	amp	153641500.5
chrX	172001	568000	DTB-129-BL	1.46	amp	370000.5
chrX	568001	571000	DTB-129-BL	2.135	amp	569500.5
chrX	571001	1175000	DTB-129-BL	1.44	amp	873000.5
chrX	1175001	1179000	DTB-129-BL	2.155	amp	1177000.5
chrX	1179001	1686000	DTB-129-BL	1.465	amp	1432500.5
chrX	1742001	2785000	DTB-129-BL	1.45	amp	2263500.5
chrX	2785001	3236000	DTB-129-BL	1.865	amp	3010500.5
chrX	3236001	3835500	DTB-129-BL	2.69	amp	3535750.5
chrX	3916001	34250000	DTB-129-BL	2.745	amp	19083000.5
chrX	34250001	34261000	DTB-129-BL	1.975	amp	34255500.5
chrX	34261001	48473000	DTB-129-BL	2.74	amp	41367000.5
chrX	66833001	66939000	DTB-129-BL	1.97	amp	66886000.5
chrX	27146001	27150000	DTB-132-BL	1.785	amp	27148000.5
chrX	40009001	40019000	DTB-132-BL	1.615	amp	40014000.5
chrX	66807001	67133000	DTB-132-BL	2.1	amp	66970000.5
chrX	89456001	89462000	DTB-132-BL	1.41	amp	89459000.5
chrX	101045001	101048000	DTB-132-BL	1.505	amp	101046500.5
chrX	101485001	101488000	DTB-132-BL	1.425	amp	101486500.5
chrX	81404001	81879000	DTB-135-PRO	1.46	amp	81641500.5
chrX	81879001	81891000	DTB-135-PRO	1.835	amp	81885000.5
chrX	81891001	81908000	DTB-135-PRO	1.575	amp	81899500.5
chrX	97252001	97255000	DTB-135-PRO	1.66	amp	97253500.5
chrX	129194001	129202000	DTB-135-PRO	1.42	amp	129198000.5
chrX	129528001	130363000	DTB-135-PRO	1.89	amp	129945500.5
chrX	155571001	155574000	DTB-135-PRO	2.98	amp	155572500.5
chrX	155659001	155664000	DTB-135-PRO	1.605	amp	155661500.5
chrX	56062001	56066000	DTB-137-PRO	1.445	amp	56064000.5
chrX	65616501	66478000	DTB-137-PRO	2.56	amp	66047250.5
chrX	66478001	66532000	DTB-137-PRO	3.29	amp	66505000.5
chrX	66532001	66547000	DTB-137-PRO	2.64	amp	66539500.5
chrX	66547001	66771000	DTB-137-PRO	1.86	amp	66659000.5
chrX	66771001	66986000	DTB-137-PRO	4.755	amp	66878500.5
chrX	66986001	67769000	DTB-137-PRO	3.825	amp	67377500.5
chrX	67769001	68842000	DTB-137-PRO	3.22	amp	68305500.5
chrX	141540001	141544000	DTB-137-PRO	1.575	amp	141542000.5
chrX	1	66888000	DTB-138-BL	1.455	amp	33444000.5
chrX	66888001	66934000	DTB-138-BL	3.04	amp	66911000.5
chrX	66934001	108772000	DTB-138-BL	1.45	amp	87853000.5
chrX	108776001	155564500	DTB-138-BL	1.455	amp	132170250.5
chrX	155572001	156040895	DTB-138-BL	1.405	amp	155806448
chrX	1	21000	DTB-140-BL	1.59	amp	10500.5
chrX	368001	370000	DTB-140-BL	1.63	amp	369000.5
chrX	370001	617000	DTB-140-BL	2.055	amp	493500.5
chrX	617001	66236000	DTB-140-BL	1.73	amp	33426500.5
chrX	66257001	66370000	DTB-140-BL	1.74	amp	66313500.5
chrX	66370001	66379000	DTB-140-BL	2.145	amp	66374500.5
chrX	66379001	124348000	DTB-140-BL	1.66	amp	95363500.5
chrX	124348001	124352000	DTB-140-BL	2.415	amp	124350000.5
chrX	124352001	124857000	DTB-140-BL	1.655	amp	124604500.5
chrX	124857001	124861000	DTB-140-BL	2.095	amp	124859000.5
chrX	124861001	139018000	DTB-140-BL	1.695	amp	131939500.5
chrX	143655001	143660000	DTB-140-BL	4.03	amp	143657500.5
chrX	155993001	156010000	DTB-140-BL	1.52	amp	156001500.5
chrX	156010001	156018000	DTB-140-BL	1.79	amp	156014000.5
chrX	66675001	66677000	DTB-141-BL	2.135	amp	66676000.5
chrX	66677001	66736000	DTB-141-BL	4.95	amp	66706500.5
chrX	66736001	66923000	DTB-141-BL	10.16	amp	66829500.5
chrX	66923001	66933000	DTB-141-BL	8.155	amp	66928000.5
chrX	66933001	67841000	DTB-141-BL	10.625	amp	67387000.5
chrX	67841001	68217000	DTB-141-BL	15.995	amp	68029000.5
chrX	68217001	68221000	DTB-141-BL	11.13	amp	68219000.5
chrX	68221001	68468000	DTB-141-BL	17.31	amp	68344500.5
chrX	68468001	69003000	DTB-141-BL	4.4	amp	68735500.5
chrX	69003001	69013000	DTB-141-BL	5.375	amp	69008000.5
chrX	69013001	69495000	DTB-141-BL	4.345	amp	69254000.5
chrX	69495001	69497000	DTB-141-BL	1.505	amp	69496000.5
chrX	155569001	155572500	DTB-141-BL	2.525	amp	155570750.5
chrX	58746501	58905000	DTB-143-BL	1.555	amp	58825750.5
chrX	64872001	64877000	DTB-143-BL	1.41	amp	64874500.5
chrX	66461001	66815000	DTB-143-BL	1.64	amp	66638000.5
chrX	66815001	66910000	DTB-143-BL	3.075	amp	66862500.5
chrX	66910001	67878000	DTB-143-BL	1.615	amp	67394000.5
chrX	69086001	69090000	DTB-143-BL	1.455	amp	69088000.5
chrX	78001001	78005000	DTB-143-BL	1.59	amp	78003000.5
chrX	120163501	120169000	DTB-143-BL	1.49	amp	120166250.5
chrX	143652001	143657000	DTB-143-BL	1.56	amp	143654500.5
chrX	1	172000	DTB-146-BL	1.4	amp	86000.5
chrX	228001	861000	DTB-146-BL	1.4	amp	544500.5
chrX	864001	2782000	DTB-146-BL	1.42	amp	1823000.5
chrX	2782001	3852500	DTB-146-BL	1.805	amp	3317250.5
chrX	3916001	7483000	DTB-146-BL	1.815	amp	5699500.5
chrX	7483001	8261000	DTB-146-BL	3.375	amp	7872000.5
chrX	8261001	11420000	DTB-146-BL	1.805	amp	9840500.5
chrX	11420001	11524000	DTB-146-BL	2.56	amp	11472000.5
chrX	11524001	26059000	DTB-146-BL	1.795	amp	18791500.5
chrX	26059001	26062000	DTB-146-BL	2.68	amp	26060500.5
chrX	26062001	30602000	DTB-146-BL	1.8	amp	28332000.5
chrX	30605001	40612000	DTB-146-BL	1.8	amp	35608500.5
chrX	40612001	40618000	DTB-146-BL	2.3	amp	40615000.5
chrX	40618001	43156000	DTB-146-BL	1.795	amp	41887000.5
chrX	43156001	43164000	DTB-146-BL	2.265	amp	43160000.5
chrX	43164001	53134000	DTB-146-BL	1.79	amp	48149000.5
chrX	53134001	53143000	DTB-146-BL	2.275	amp	53138500.5
chrX	53143001	58483000	DTB-146-BL	1.805	amp	55813000.5
chrX	58483001	58499000	DTB-146-BL	3.395	amp	58491000.5
chrX	58499001	66858000	DTB-146-BL	1.8	amp	62678500.5
chrX	66858001	66884000	DTB-146-BL	3.965	amp	66871000.5
chrX	66884001	66889000	DTB-146-BL	2.975	amp	66886500.5
chrX	66889001	66928000	DTB-146-BL	4.07	amp	66908500.5
chrX	66928001	69797000	DTB-146-BL	1.785	amp	68362500.5
chrX	69797001	69809000	DTB-146-BL	2.135	amp	69803000.5
chrX	69809001	86275000	DTB-146-BL	1.79	amp	78042000.5
chrX	127439001	127452000	DTB-146-BL	1.525	amp	127445500.5
chrX	127656001	127661000	DTB-146-BL	1.68	amp	127658500.5
chrX	135894001	143653000	DTB-146-BL	1.8	amp	139773500.5
chrX	143653001	143658000	DTB-146-BL	2.69	amp	143655500.5
chrX	143658001	155135000	DTB-146-BL	1.79	amp	149396500.5
chrX	155135001	155139000	DTB-146-BL	2.35	amp	155137000.5
chrX	155139001	155701000	DTB-146-BL	1.83	amp	155420000.5
chrX	156009001	156018000	DTB-146-BL	1.95	amp	156013500.5
chrX	57394001	63053000	DTB-149-BL	2.625	amp	60223500.5
chrX	63053001	67900000	DTB-149-BL	4.165	amp	65476500.5
chrX	67900001	67903000	DTB-149-BL	2.84	amp	67901500.5
chrX	155495001	155500000	DTB-149-BL	1.435	amp	155497500.5
chrX	22001	172000	DTB-151-BL	2.46	amp	97000.5
chrX	236001	238000	DTB-151-BL	1.705	amp	237000.5
chrX	238001	250000	DTB-151-BL	2.895	amp	244000.5
chrX	250001	1365000	DTB-151-BL	1.985	amp	807500.5
chrX	1365001	1368000	DTB-151-BL	2.52	amp	1366500.5
chrX	1368001	2459000	DTB-151-BL	1.815	amp	1913500.5
chrX	63097001	63221500	DTB-151-BL	1.73	amp	63159250.5
chrX	64309001	66024000	DTB-151-BL	1.92	amp	65166500.5
chrX	66024001	67194000	DTB-151-BL	2.345	amp	66609000.5
chrX	67194001	67231000	DTB-151-BL	3.105	amp	67212500.5
chrX	67231001	68236000	DTB-151-BL	2.595	amp	67733500.5
chrX	68236001	69392000	DTB-151-BL	2.085	amp	68814000.5
chrX	69392001	101848000	DTB-151-BL	1.755	amp	85620000.5
chrX	101848001	101855000	DTB-151-BL	2.13	amp	101851500.5
chrX	101855001	102556000	DTB-151-BL	1.645	amp	102205500.5
chrX	102556001	102560000	DTB-151-BL	2.32	amp	102558000.5
chrX	102560001	103639000	DTB-151-BL	1.625	amp	103099500.5
chrX	104996001	105221000	DTB-151-BL	1.935	amp	105108500.5
chrX	45058001	45087000	DTB-156-BL	1.805	amp	45072500.5
chrX	45102001	56634000	DTB-156-BL	1.71	amp	50868000.5
chrX	56649001	58573000	DTB-156-BL	1.735	amp	57611000.5
chrX	58573001	59188000	DTB-156-BL	1.42	amp	58880500.5
chrX	59188001	62464500	DTB-156-BL	1.79	amp	60826250.5
chrX	62469501	65744000	DTB-156-BL	1.715	amp	64106750.5
chrX	66033001	66073000	DTB-156-BL	2.205	amp	66053000.5
chrX	66073001	66701000	DTB-156-BL	6.715	amp	66387000.5
chrX	66701001	67171000	DTB-156-BL	10.965	amp	66936000.5
chrX	67171001	67174000	DTB-156-BL	18.58	amp	67172500.5
chrX	67174001	68145000	DTB-156-BL	11.385	amp	67659500.5
chrX	68145001	68656000	DTB-156-BL	6.595	amp	68400500.5
chrX	68656001	69293000	DTB-156-BL	4.015	amp	68974500.5
chrX	71585001	71682000	DTB-156-BL	4.02	amp	71633500.5
chrX	71682001	72680000	DTB-156-BL	4.885	amp	72181000.5
chrX	72680001	72683000	DTB-156-BL	2.895	amp	72681500.5
chrX	72683001	73873000	DTB-156-BL	5.085	amp	73278000.5
chrX	1	35500	DTB-159-BL	1.46	amp	17750.5
chrX	91237501	91251000	DTB-159-BL	5	amp	91244250.5
chrX	115730501	115738000	DTB-159-BL	1.62	amp	115734250.5
chrX	143655001	143659000	DTB-159-BL	3.555	amp	143657000.5
chrX	145966001	145969000	DTB-159-BL	1.48	amp	145967500.5
chrX	7273001	9419000	DTB-165-PRO	1.645	amp	8346000.5
chrX	9826001	10086000	DTB-165-PRO	1.645	amp	9956000.5
chrX	10807001	11030000	DTB-165-PRO	2.17	amp	10918500.5
chrX	11030001	11072000	DTB-165-PRO	1.585	amp	11051000.5
chrX	11072001	12382000	DTB-165-PRO	2.13	amp	11727000.5
chrX	12382001	12963000	DTB-165-PRO	2.57	amp	12672500.5
chrX	12963001	13003000	DTB-165-PRO	2.185	amp	12983000.5
chrX	13003001	13984000	DTB-165-PRO	2.59	amp	13493500.5
chrX	13984001	13987000	DTB-165-PRO	1.56	amp	13985500.5
chrX	16429001	18358000	DTB-165-PRO	1.65	amp	17393500.5
chrX	18358001	18574000	DTB-165-PRO	2.08	amp	18466000.5
chrX	18574001	20142000	DTB-165-PRO	1.65	amp	19358000.5
chrX	21772001	21847000	DTB-165-PRO	2.555	amp	21809500.5
chrX	21847001	22345000	DTB-165-PRO	2.095	amp	22096000.5
chrX	22345001	24167000	DTB-165-PRO	1.66	amp	23256000.5
chrX	24167001	24445000	DTB-165-PRO	2.1	amp	24306000.5
chrX	24445001	24466000	DTB-165-PRO	1.69	amp	24455500.5
chrX	24466001	24622000	DTB-165-PRO	2.115	amp	24544000.5
chrX	24622001	24792000	DTB-165-PRO	1.66	amp	24707000.5
chrX	24792001	24957000	DTB-165-PRO	2.145	amp	24874500.5
chrX	25267001	26957000	DTB-165-PRO	1.665	amp	26112000.5
chrX	28356001	29250000	DTB-165-PRO	1.655	amp	28803000.5
chrX	29250001	29331000	DTB-165-PRO	2.08	amp	29290500.5
chrX	29331001	29335000	DTB-165-PRO	1.505	amp	29333000.5
chrX	29335001	29849000	DTB-165-PRO	2.16	amp	29592000.5
chrX	29946001	31152000	DTB-165-PRO	1.645	amp	30549000.5
chrX	32813001	32846000	DTB-165-PRO	1.7	amp	32829500.5
chrX	32849001	32861000	DTB-165-PRO	1.73	amp	32855000.5
chrX	35591001	36146000	DTB-165-PRO	1.65	amp	35868500.5
chrX	41154001	42438000	DTB-165-PRO	1.66	amp	41796000.5
chrX	50683001	50946000	DTB-165-PRO	1.66	amp	50814500.5
chrX	50946001	50960000	DTB-165-PRO	2.155	amp	50953000.5
chrX	50960001	51202000	DTB-165-PRO	1.63	amp	51081000.5
chrX	51202001	51676500	DTB-165-PRO	2.135	amp	51439250.5
chrX	56297001	56342000	DTB-165-PRO	1.655	amp	56319500.5
chrX	56342001	56354000	DTB-165-PRO	2.34	amp	56348000.5
chrX	56354001	56827000	DTB-165-PRO	1.65	amp	56590500.5
chrX	56827001	57433000	DTB-165-PRO	2.14	amp	57130000.5
chrX	58187001	58195000	DTB-165-PRO	1.695	amp	58191000.5
chrX	66753001	66759000	DTB-165-PRO	3.55	amp	66756000.5
chrX	66759001	66856000	DTB-165-PRO	4.73	amp	66807500.5
chrX	66856001	66924000	DTB-165-PRO	3.625	amp	66890000.5
chrX	66924001	66931000	DTB-165-PRO	2.845	amp	66927500.5
chrX	66931001	66942000	DTB-165-PRO	3.685	amp	66936500.5
chrX	66942001	66947000	DTB-165-PRO	2.935	amp	66944500.5
chrX	66947001	67045000	DTB-165-PRO	3.72	amp	66996000.5
chrX	67045001	67080000	DTB-165-PRO	3.135	amp	67062500.5
chrX	67080001	67279000	DTB-165-PRO	3.625	amp	67179500.5
chrX	67279001	67343000	DTB-165-PRO	4.645	amp	67311000.5
chrX	67343001	67693000	DTB-165-PRO	5.335	amp	67518000.5
chrX	67693001	67793000	DTB-165-PRO	6.815	amp	67743000.5
chrX	67793001	67796000	DTB-165-PRO	4.105	amp	67794500.5
chrX	112236001	112292000	DTB-165-PRO	1.69	amp	112264000.5
chrX	143655001	143659000	DTB-165-PRO	29.64	amp	143657000.5
chrX	9021001	9024000	DTB-167-PRO	2.09	amp	9022500.5
chrX	26084001	26087000	DTB-167-PRO	1.82	amp	26085500.5
chrX	27401001	27404000	DTB-167-PRO	2.25	amp	27402500.5
chrX	50226001	50280000	DTB-167-PRO	1.78	amp	50253000.5
chrX	58661001	58762000	DTB-167-PRO	1.825	amp	58711500.5
chrX	66843001	66845000	DTB-167-PRO	7.08	amp	66844000.5
chrX	66845001	67794000	DTB-167-PRO	15.875	amp	67319500.5
chrX	67794001	68940000	DTB-167-PRO	22.355	amp	68367000.5
chrX	68940001	68954000	DTB-167-PRO	13.29	amp	68947000.5
chrX	68954001	68973000	DTB-167-PRO	16.905	amp	68963500.5
chrX	68973001	69689000	DTB-167-PRO	14.535	amp	69331000.5
chrX	69689001	69692000	DTB-167-PRO	7.4	amp	69690500.5
chrX	72037001	72680000	DTB-167-PRO	8.09	amp	72358500.5
chrX	72680001	72683000	DTB-167-PRO	4.31	amp	72681500.5
chrX	72683001	72726000	DTB-167-PRO	8.32	amp	72704500.5
chrX	72726001	73109000	DTB-167-PRO	4.3	amp	72917500.5
chrX	143653001	143659000	DTB-167-PRO	2.075	amp	143656000.5
chrX	155571001	155574000	DTB-167-PRO	1.4	amp	155572500.5
chrX	1	2786000	DTB-170-BL	1.405	amp	1393000.5
chrX	2786001	23172000	DTB-170-BL	1.755	amp	12979000.5
chrX	23172001	23175000	DTB-170-BL	2.535	amp	23173500.5
chrX	23175001	53725000	DTB-170-BL	1.75	amp	38450000.5
chrX	53725001	53986000	DTB-170-BL	3.255	amp	53855500.5
chrX	53986001	61334000	DTB-170-BL	1.76	amp	57660000.5
chrX	61334001	62469500	DTB-170-BL	2.675	amp	61901750.5
chrX	62469501	66904000	DTB-170-BL	1.79	amp	64686750.5
chrX	66904001	66947000	DTB-170-BL	3.485	amp	66925500.5
chrX	66947001	111066000	DTB-170-BL	1.755	amp	89006500.5
chrX	111066001	144078000	DTB-170-BL	2.405	amp	127572000.5
chrX	144078001	144213000	DTB-170-BL	2	amp	144145500.5
chrX	144213001	152140000	DTB-170-BL	2.42	amp	148176500.5
chrX	152140001	152145000	DTB-170-BL	3.21	amp	152142500.5
chrX	152145001	155517000	DTB-170-BL	2.365	amp	153831000.5
chrX	155517001	155522000	DTB-170-BL	1.71	amp	155519500.5
chrX	155522001	155564500	DTB-170-BL	2.415	amp	155543250.5
chrX	155564501	155571500	DTB-170-BL	1.48	amp	155568000.5
chrX	155571501	155701000	DTB-170-BL	2.39	amp	155636250.5
chrX	155701001	156008000	DTB-170-BL	2.005	amp	155854500.5
chrX	156008001	156040895	DTB-170-BL	1.645	amp	156024448
chrX	7957001	7960000	DTB-172-BL	1.62	amp	7958500.5
chrX	18293001	25627000	DTB-172-BL	1.5	amp	21960000.5
chrX	32399001	32833000	DTB-172-BL	1.965	amp	32616000.5
chrX	38250001	38254000	DTB-172-BL	1.67	amp	38252000.5
chrX	38624001	38894000	DTB-172-BL	1.51	amp	38759000.5
chrX	39891001	39895000	DTB-172-BL	1.575	amp	39893000.5
chrX	43200001	43812000	DTB-172-BL	1.515	amp	43506000.5
chrX	44998001	46086000	DTB-172-BL	1.52	amp	45542000.5
chrX	46086001	46095000	DTB-172-BL	1.925	amp	46090500.5
chrX	46095001	47950000	DTB-172-BL	1.485	amp	47022500.5
chrX	47950001	58064000	DTB-172-BL	1.905	amp	53007000.5
chrX	64825001	64974000	DTB-172-BL	2.73	amp	64899500.5
chrX	64974001	65014000	DTB-172-BL	1.85	amp	64994000.5
chrX	65147001	70812000	DTB-172-BL	2.72	amp	67979500.5
chrX	70812001	71593000	DTB-172-BL	1.89	amp	71202500.5
chrX	107692001	107701000	DTB-172-BL	1.43	amp	107696500.5
chrX	125863001	127154000	DTB-172-BL	1.57	amp	126508500.5
chrX	143655001	143659000	DTB-172-BL	3.44	amp	143657000.5
chrX	154795001	154802000	DTB-172-BL	1.505	amp	154798500.5
chrX	226001	248000	DTB-173-BL	1.855	amp	237000.5
chrX	2781001	33431000	DTB-173-BL	1.69	amp	18106000.5
chrX	66574001	99065000	DTB-173-BL	1.5	amp	82819500.5
chrX	99065001	99081000	DTB-173-BL	1.76	amp	99073000.5
chrX	99081001	99987000	DTB-173-BL	1.48	amp	99534000.5
chrX	99987001	99996000	DTB-173-BL	1.83	amp	99991500.5
chrX	99996001	114911000	DTB-173-BL	1.48	amp	107453500.5
chrX	114911001	114922000	DTB-173-BL	1.85	amp	114916500.5
chrX	114922001	143655000	DTB-173-BL	1.535	amp	129288500.5
chrX	143655001	143660000	DTB-173-BL	2.565	amp	143657500.5
chrX	143660001	149294000	DTB-173-BL	1.57	amp	146477000.5
chrX	149297001	155701000	DTB-173-BL	1.555	amp	152499000.5
chrX	226001	249000	DTB-175-BL	1.805	amp	237500.5
chrX	249001	318000	DTB-175-BL	1.44	amp	283500.5
chrX	324001	861000	DTB-175-BL	1.415	amp	592500.5
chrX	865001	1175000	DTB-175-BL	1.435	amp	1020000.5
chrX	1175001	1180000	DTB-175-BL	1.85	amp	1177500.5
chrX	1180001	2782000	DTB-175-BL	1.42	amp	1981000.5
chrX	2782001	3835500	DTB-175-BL	1.815	amp	3308750.5
chrX	3916001	17638000	DTB-175-BL	1.835	amp	10777000.5
chrX	18412001	64138000	DTB-175-BL	1.835	amp	41275000.5
chrX	64138001	64895000	DTB-175-BL	2.64	amp	64516500.5
chrX	64895001	66749000	DTB-175-BL	1.825	amp	65822000.5
chrX	66749001	66890000	DTB-175-BL	2.725	amp	66819500.5
chrX	66890001	66943000	DTB-175-BL	4.105	amp	66916500.5
chrX	66943001	67715000	DTB-175-BL	2.715	amp	67329000.5
chrX	67715001	145335000	DTB-175-BL	1.825	amp	106525000.5
chrX	145335001	145925000	DTB-175-BL	2.325	amp	145630000.5
chrX	145925001	155564500	DTB-175-BL	1.805	amp	150744750.5
chrX	155573001	155699000	DTB-175-BL	1.865	amp	155636000.5
chrX	155699001	156040895	DTB-175-BL	1.41	amp	155869948
chrX	1176001	1179000	DTB-176-BL	1.505	amp	1177500.5
chrX	15698001	20467000	DTB-176-BL	1.88	amp	18082500.5
chrX	20467001	20471000	DTB-176-BL	1.415	amp	20469000.5
chrX	20471001	20855000	DTB-176-BL	1.905	amp	20663000.5
chrX	35333001	35358000	DTB-176-BL	0.08	del	35345500.5
chrX	35366001	35383000	DTB-176-BL	0.08	del	35374500.5
chrX	65623001	65758000	DTB-176-BL	24.205	amp	65690500.5
chrX	65758001	66263000	DTB-176-BL	31.05	amp	66010500.5
chrX	66263001	66274000	DTB-176-BL	23.635	amp	66268500.5
chrX	66274001	66291000	DTB-176-BL	34.1	amp	66282500.5
chrX	66291001	66594000	DTB-176-BL	28.16	amp	66442500.5
chrX	66594001	66598000	DTB-176-BL	18.865	amp	66596000.5
chrX	66598001	66634000	DTB-176-BL	26.2	amp	66616000.5
chrX	66634001	66669000	DTB-176-BL	22.92	amp	66651500.5
chrX	66669001	67543000	DTB-176-BL	29.355	amp	67106000.5
chrX	67543001	67558000	DTB-176-BL	20.96	amp	67550500.5
chrX	67558001	67736000	DTB-176-BL	26.18	amp	67647000.5
chrX	67736001	67756000	DTB-176-BL	32.275	amp	67746000.5
chrX	67756001	68132000	DTB-176-BL	25.64	amp	67944000.5
chrX	68132001	68139000	DTB-176-BL	18.78	amp	68135500.5
chrX	81687001	81827000	DTB-176-BL	0.08	del	81757000.5
chrX	4327001	5226000	DTB-183-BL	1.885	amp	4776500.5
chrX	5226001	5301000	DTB-183-BL	2.89	amp	5263500.5
chrX	5301001	6656000	DTB-183-BL	1.895	amp	5978500.5
chrX	6656001	6660000	DTB-183-BL	2.51	amp	6658000.5
chrX	6660001	8339000	DTB-183-BL	1.885	amp	7499500.5
chrX	8339001	8465000	DTB-183-BL	4.725	amp	8402000.5
chrX	8465001	8468000	DTB-183-BL	3.04	amp	8466500.5
chrX	8468001	8838000	DTB-183-BL	4.7	amp	8653000.5
chrX	8838001	8949000	DTB-183-BL	5.77	amp	8893500.5
chrX	8949001	8953000	DTB-183-BL	4.76	amp	8951000.5
chrX	8953001	9275000	DTB-183-BL	2.82	amp	9114000.5
chrX	9275001	10886000	DTB-183-BL	1.925	amp	10080500.5
chrX	10886001	11037000	DTB-183-BL	2.945	amp	10961500.5
chrX	11037001	11971000	DTB-183-BL	1.97	amp	11504000.5
chrX	18312001	18600000	DTB-183-BL	1.915	amp	18456000.5
chrX	21825001	22441000	DTB-183-BL	1.96	amp	22133000.5
chrX	62032001	77553000	DTB-183-BL	1.91	amp	69792500.5
chrX	77553001	82542000	DTB-183-BL	2.845	amp	80047500.5
chrX	82542001	88723000	DTB-183-BL	1.89	amp	85632500.5
chrX	88723001	88926000	DTB-183-BL	3.79	amp	88824500.5
chrX	88926001	97352000	DTB-183-BL	1.88	amp	93139000.5
chrX	97355001	99134000	DTB-183-BL	1.895	amp	98244500.5
chrX	99134001	99312000	DTB-183-BL	3.755	amp	99223000.5
chrX	99312001	102597000	DTB-183-BL	1.905	amp	100954500.5
chrX	102597001	105474000	DTB-183-BL	3.755	amp	104035500.5
chrX	105474001	105478000	DTB-183-BL	5.27	amp	105476000.5
chrX	105478001	110688000	DTB-183-BL	3.84	amp	108083000.5
chrX	110688001	110691000	DTB-183-BL	2.495	amp	110689500.5
chrX	110691001	111132000	DTB-183-BL	3.765	amp	110911500.5
chrX	111132001	128748000	DTB-183-BL	1.91	amp	119940000.5
chrX	128748001	128984000	DTB-183-BL	3.87	amp	128866000.5
chrX	128984001	141929000	DTB-183-BL	1.925	amp	135456500.5
chrX	141929001	143653000	DTB-183-BL	3.73	amp	142791000.5
chrX	143653001	143659000	DTB-183-BL	7.795	amp	143656000.5
chrX	143659001	144078000	DTB-183-BL	3.775	amp	143868500.5
chrX	144078001	144212000	DTB-183-BL	2.83	amp	144145000.5
chrX	144212001	145360000	DTB-183-BL	3.755	amp	144786000.5
chrX	145360001	155701000	DTB-183-BL	1.9	amp	150530500.5
chrX	3916001	14518000	DTB-186-BL	1.475	amp	9217000.5
chrX	14518001	14623000	DTB-186-BL	2.115	amp	14570500.5
chrX	14623001	15512000	DTB-186-BL	1.595	amp	15067500.5
chrX	15512001	16194000	DTB-186-BL	2.09	amp	15853000.5
chrX	16194001	16425000	DTB-186-BL	10.235	amp	16309500.5
chrX	16425001	16964000	DTB-186-BL	6.04	amp	16694500.5
chrX	16964001	16970000	DTB-186-BL	4.685	amp	16967000.5
chrX	16970001	20298000	DTB-186-BL	6.025	amp	18634000.5
chrX	20298001	20301000	DTB-186-BL	8.66	amp	20299500.5
chrX	20301001	22096000	DTB-186-BL	5.515	amp	21198500.5
chrX	22096001	26564000	DTB-186-BL	4.595	amp	24330000.5
chrX	26564001	26568000	DTB-186-BL	5.695	amp	26566000.5
chrX	32976001	34137000	DTB-186-BL	4.96	amp	33556500.5
chrX	34137001	34140000	DTB-186-BL	7.03	amp	34138500.5
chrX	34140001	39171000	DTB-186-BL	4.685	amp	36655500.5
chrX	39171001	39180000	DTB-186-BL	7.285	amp	39175500.5
chrX	39180001	41124000	DTB-186-BL	4.4	amp	40152000.5
chrX	41124001	41149000	DTB-186-BL	5.275	amp	41136500.5
chrX	41805001	41836000	DTB-186-BL	2.505	amp	41820500.5
chrX	41836001	41977000	DTB-186-BL	1.88	amp	41906500.5
chrX	41977001	42168000	DTB-186-BL	2.885	amp	42072500.5
chrX	42168001	42416000	DTB-186-BL	1.875	amp	42292000.5
chrX	42416001	42579000	DTB-186-BL	3	amp	42497500.5
chrX	45640001	46485000	DTB-186-BL	12.395	amp	46062500.5
chrX	46485001	46709000	DTB-186-BL	9.995	amp	46597000.5
chrX	46709001	46711000	DTB-186-BL	15.915	amp	46710000.5
chrX	46711001	46792000	DTB-186-BL	20.225	amp	46751500.5
chrX	58486001	58499000	DTB-186-BL	3.025	amp	58492500.5
chrX	64962001	65208000	DTB-186-BL	3.015	amp	65085000.5
chrX	65208001	65325000	DTB-186-BL	4.3	amp	65266500.5
chrX	65325001	65340000	DTB-186-BL	5.305	amp	65332500.5
chrX	65340001	65353000	DTB-186-BL	4.49	amp	65346500.5
chrX	65353001	65427000	DTB-186-BL	3.285	amp	65390000.5
chrX	65427001	65727000	DTB-186-BL	2.525	amp	65577000.5
chrX	65727001	65796000	DTB-186-BL	6.045	amp	65761500.5
chrX	65796001	65805000	DTB-186-BL	7.06	amp	65800500.5
chrX	65805001	65919000	DTB-186-BL	5.885	amp	65862000.5
chrX	65919001	65993000	DTB-186-BL	8.31	amp	65956000.5
chrX	65993001	66857000	DTB-186-BL	6.75	amp	66425000.5
chrX	66857001	66916000	DTB-186-BL	26.79	amp	66886500.5
chrX	66916001	66920000	DTB-186-BL	18.335	amp	66918000.5
chrX	66920001	66941000	DTB-186-BL	7.77	amp	66930500.5
chrX	66941001	67198000	DTB-186-BL	27.925	amp	67069500.5
chrX	67198001	67204000	DTB-186-BL	19.59	amp	67201000.5
chrX	67204001	68425000	DTB-186-BL	17.245	amp	67814500.5
chrX	68425001	69307000	DTB-186-BL	14.55	amp	68866000.5
chrX	69307001	69454000	DTB-186-BL	17.855	amp	69380500.5
chrX	69454001	69676000	DTB-186-BL	22.805	amp	69565000.5
chrX	69676001	69683000	DTB-186-BL	16.63	amp	69679500.5
chrX	69683001	70162000	DTB-186-BL	20.59	amp	69922500.5
chrX	95247001	95256000	DTB-186-BL	1.835	amp	95251500.5
chrX	66819001	66925000	DTB-187-BL	1.615	amp	66872000.5
chrX	141057501	141067000	DTB-187-BL	1.94	amp	141062250.5
chrX	17504001	17508000	DTB-188-BL	1.965	amp	17506000.5
chrX	18167001	18172000	DTB-188-BL	1.845	amp	18169500.5
chrX	62493501	62504000	DTB-188-BL	2.335	amp	62498750.5
chrX	62590001	62594000	DTB-188-BL	1.955	amp	62592000.5
chrX	68220001	68224000	DTB-188-BL	1.4	amp	68222000.5
chrX	19175001	19178000	DTB-190-BL	2.87	amp	19176500.5
chrX	48057001	48060000	DTB-190-BL	1.575	amp	48058500.5
chrX	65658001	68539000	DTB-190-BL	2.745	amp	67098500.5
chrX	68539001	69428000	DTB-190-BL	1.91	amp	68983500.5
chrX	70737001	71285000	DTB-190-BL	1.425	amp	71011000.5
chrX	74203001	75872000	DTB-190-BL	1.42	amp	75037500.5
chrX	75872001	75921000	DTB-190-BL	1.795	amp	75896500.5
chrX	75921001	76185000	DTB-190-BL	2.1	amp	76053000.5
chrX	76185001	76399000	DTB-190-BL	1.77	amp	76292000.5
chrX	76399001	76596000	DTB-190-BL	2.315	amp	76497500.5
chrX	76596001	76614000	DTB-190-BL	1.825	amp	76605000.5
chrX	76614001	76617000	DTB-190-BL	2.39	amp	76615500.5
chrX	76617001	80191000	DTB-190-BL	1.755	amp	78404000.5
chrX	82158001	83489000	DTB-190-BL	2.3	amp	82823500.5
chrX	83489001	84206000	DTB-190-BL	1.93	amp	83847500.5
chrX	84206001	84632000	DTB-190-BL	2.34	amp	84419000.5
chrX	84632001	85155000	DTB-190-BL	1.93	amp	84893500.5
chrX	85155001	85544000	DTB-190-BL	2.3	amp	85349500.5
chrX	85544001	85659000	DTB-190-BL	2.895	amp	85601500.5
chrX	85659001	85667000	DTB-190-BL	1.915	amp	85663000.5
chrX	85667001	86147000	DTB-190-BL	1.405	amp	85907000.5
chrX	86147001	86433000	DTB-190-BL	1.85	amp	86290000.5
chrX	87182001	87305000	DTB-190-BL	1.67	amp	87243500.5
chrX	87312001	87316000	DTB-190-BL	1.465	amp	87314000.5
chrX	91230001	91467000	DTB-190-BL	1.865	amp	91348500.5
chrX	91467001	95008000	DTB-190-BL	1.455	amp	93237500.5
chrX	144712001	144715000	DTB-190-BL	1.475	amp	144713500.5
chrX	155570001	155573000	DTB-190-BL	1.675	amp	155571500.5
chrX	1	16000	DTB-193-BL	1.665	amp	8000.5
chrX	3486001	3489000	DTB-193-BL	1.75	amp	3487500.5
chrX	37082001	37290000	DTB-193-BL	1.485	amp	37186000.5
chrX	40326001	40331000	DTB-193-BL	1.45	amp	40328500.5
chrX	41887001	41890000	DTB-193-BL	1.47	amp	41888500.5
chrX	50224001	50280000	DTB-193-BL	1.645	amp	50252000.5
chrX	58746501	59234500	DTB-193-BL	1.405	amp	58990500.5
chrX	66737001	66897000	DTB-193-BL	1.425	amp	66817000.5
chrX	66897001	66925000	DTB-193-BL	2.115	amp	66911000.5
chrX	67545001	67710000	DTB-193-BL	1.5	amp	67627500.5
chrX	68931001	68938000	DTB-193-BL	1.555	amp	68934500.5
chrX	77884001	77887000	DTB-193-BL	1.475	amp	77885500.5
chrX	82465001	82468000	DTB-193-BL	1.58	amp	82466500.5
chrX	58607001	60312000	DTB-194-PRO	1.64	amp	59459500.5
chrX	109341001	115738000	DTB-194-PRO	1.525	amp	112539500.5
chrX	115841001	116555000	DTB-194-PRO	1.54	amp	116198000.5
chrX	116577001	119821000	DTB-194-PRO	1.495	amp	118199000.5
chrX	119821001	119831000	DTB-194-PRO	1.745	amp	119826000.5
chrX	119831001	120618000	DTB-194-PRO	1.475	amp	120224500.5
chrX	120618001	120624000	DTB-194-PRO	1.905	amp	120621000.5
chrX	120624001	120874000	DTB-194-PRO	1.52	amp	120749000.5
chrX	120993001	121991000	DTB-194-PRO	1.545	amp	121492000.5
chrX	121996001	125272000	DTB-194-PRO	1.515	amp	123634000.5
chrX	125281001	130182000	DTB-194-PRO	1.52	amp	127731500.5
chrX	130193001	132059000	DTB-194-PRO	1.505	amp	131126000.5
chrX	132059001	132071000	DTB-194-PRO	1.865	amp	132065000.5
chrX	132071001	132148000	DTB-194-PRO	1.48	amp	132109500.5
chrX	132148001	132155000	DTB-194-PRO	1.945	amp	132151500.5
chrX	132155001	143655000	DTB-194-PRO	1.505	amp	137905000.5
chrX	143659001	153135000	DTB-194-PRO	1.51	amp	148397000.5
chrX	153135001	153145000	DTB-194-PRO	2.005	amp	153140000.5
chrX	153145001	155702000	DTB-194-PRO	1.445	amp	154423500.5
chrX	66877001	67284000	DTB-201-PRO	4.315	amp	67080500.5
chrX	67284001	67727000	DTB-201-PRO	3.525	amp	67505500.5
chrX	67727001	68003000	DTB-201-PRO	4.335	amp	67865000.5
chrX	50226001	50280000	DTB-202-BL	1.66	amp	50253000.5
chrX	65027001	65397000	DTB-202-BL	2.43	amp	65212000.5
chrX	65397001	66829000	DTB-202-BL	2.03	amp	66113000.5
chrX	66829001	68238000	DTB-202-BL	2.81	amp	67533500.5
chrX	125272001	125281000	DTB-202-BL	1.535	amp	125276500.5
chrX	143655001	143659000	DTB-202-BL	2.915	amp	143657000.5
chrX	2782001	3716000	DTB-205-BL	1.45	amp	3249000.5
chrX	3716001	3720000	DTB-205-BL	1.865	amp	3718000.5
chrX	3720001	3810000	DTB-205-BL	1.465	amp	3765000.5
chrX	3810001	3813000	DTB-205-BL	1.77	amp	3811500.5
chrX	3813001	13545000	DTB-205-BL	1.445	amp	8679000.5
chrX	13545001	13555000	DTB-205-BL	1.82	amp	13550000.5
chrX	13555001	28306000	DTB-205-BL	1.44	amp	20930500.5
chrX	28306001	28319000	DTB-205-BL	1.685	amp	28312500.5
chrX	29336001	38973000	DTB-205-BL	1.405	amp	34154500.5
chrX	38973001	39456000	DTB-205-BL	0.065	del	39214500.5
chrX	39456001	45039500	DTB-205-BL	1.455	amp	42247750.5
chrX	45043001	50226000	DTB-205-BL	1.46	amp	47634500.5
chrX	50281001	50283000	DTB-205-BL	1.905	amp	50282000.5
chrX	50283001	55622000	DTB-205-BL	1.43	amp	52952500.5
chrX	55622001	56351000	DTB-205-BL	0.055	del	55986500.5
chrX	56351001	66621000	DTB-205-BL	1.4	amp	61486000.5
chrX	66759001	66890000	DTB-205-BL	2.06	amp	66824500.5
chrX	66890001	66921000	DTB-205-BL	4.73	amp	66905500.5
chrX	66921001	67073000	DTB-205-BL	1.99	amp	66997000.5
chrX	67073001	85844000	DTB-205-BL	1.405	amp	76458500.5
chrX	94502001	94620000	DTB-205-BL	2.045	amp	94561000.5
chrX	95671001	106347000	DTB-205-BL	1.4	amp	101009000.5
chrX	106347001	106351000	DTB-205-BL	1.99	amp	106349000.5
chrX	106351001	125274000	DTB-205-BL	1.425	amp	115812500.5
chrX	125281001	141536000	DTB-205-BL	1.405	amp	133408500.5
chrX	141536001	141544000	DTB-205-BL	2.23	amp	141540000.5
chrX	141544001	154015000	DTB-205-BL	1.4	amp	147779500.5
chrX	154020001	155377000	DTB-205-BL	1.445	amp	154698500.5
chrX	155377001	155388000	DTB-205-BL	1.895	amp	155382500.5
chrX	155388001	155516000	DTB-205-BL	1.485	amp	155452000.5
chrX	155520001	155570000	DTB-205-BL	1.415	amp	155545000.5
chrX	155573001	155701000	DTB-205-BL	1.44	amp	155637000.5
chrX	66731001	66898000	DTB-206-BL	1.755	amp	66814500.5
chrX	66898001	67234000	DTB-206-BL	3.17	amp	67066000.5
chrX	67234001	68089000	DTB-206-BL	1.725	amp	67661500.5
chrX	143653001	143659000	DTB-206-BL	1.73	amp	143656000.5
chrX	9020001	9023000	DTB-210-BL	1.67	amp	9021500.5
chrX	27021001	27066000	DTB-210-BL	0.09	del	27043500.5
chrX	27436001	27439000	DTB-210-BL	0.05	del	27437500.5
chrX	27447001	27481000	DTB-210-BL	0.1	del	27464000.5
chrX	27481001	27490000	DTB-210-BL	0.06	del	27485500.5
chrX	28243001	29299000	DTB-210-BL	0.085	del	28771000.5
chrX	31988001	32402000	DTB-210-BL	0.085	del	32195000.5
chrX	32771001	33552000	DTB-210-BL	0.085	del	33161500.5
chrX	57698001	57706000	DTB-210-BL	1.745	amp	57702000.5
chrX	58044001	58047000	DTB-210-BL	1.56	amp	58045500.5
chrX	58483001	58499000	DTB-210-BL	2.355	amp	58491000.5
chrX	67415001	67897000	DTB-210-BL	3.015	amp	67656000.5
chrX	83632001	83714000	DTB-210-BL	0.09	del	83673000.5
chrX	83856001	83935000	DTB-210-BL	0.08	del	83895500.5
chrX	84167001	84362000	DTB-210-BL	0.08	del	84264500.5
chrX	84873001	84878000	DTB-210-BL	0.14	del	84875500.5
chrX	84946001	85049000	DTB-210-BL	0.09	del	84997500.5
chrX	85054001	85082000	DTB-210-BL	0.08	del	85068000.5
chrX	85414001	85420000	DTB-210-BL	0.13	del	85417000.5
chrX	143653001	143658000	DTB-210-BL	2.18	amp	143655500.5
chrX	155456001	155460000	DTB-210-BL	1.44	amp	155458000.5
chrX	155569001	155572500	DTB-210-BL	1.655	amp	155570750.5
chrX	9405001	9420000	DTB-213-BL	1.695	amp	9412500.5
chrX	9420001	41404000	DTB-213-BL	1.405	amp	25412000.5
chrX	41404001	41407000	DTB-213-BL	2.05	amp	41405500.5
chrX	41407001	45362000	DTB-213-BL	1.41	amp	43384500.5
chrX	45362001	45375000	DTB-213-BL	1.62	amp	45368500.5
chrX	45375001	55199000	DTB-213-BL	1.405	amp	50287000.5
chrX	55199001	55203000	DTB-213-BL	2.095	amp	55201000.5
chrX	55203001	58483000	DTB-213-BL	1.415	amp	56843000.5
chrX	58483001	58499000	DTB-213-BL	2.93	amp	58491000.5
chrX	58499001	109110000	DTB-213-BL	1.41	amp	83804500.5
chrX	109115001	156040895	DTB-213-BL	1.4	amp	132577948
chrX	1	326000	DTB-214-BL	1.445	amp	163000.5
chrX	326001	330000	DTB-214-BL	1.795	amp	328000.5
chrX	623001	626000	DTB-214-BL	1.82	amp	624500.5
chrX	666001	670000	DTB-214-BL	1.815	amp	668000.5
chrX	670001	1174000	DTB-214-BL	1.405	amp	922000.5
chrX	1174001	1179000	DTB-214-BL	1.82	amp	1176500.5
chrX	1179001	1585000	DTB-214-BL	1.415	amp	1382000.5
chrX	1585001	1591000	DTB-214-BL	1.745	amp	1588000.5
chrX	1591001	2782000	DTB-214-BL	1.405	amp	2186500.5
chrX	2782001	7900000	DTB-214-BL	1.805	amp	5341000.5
chrX	7900001	8077000	DTB-214-BL	3.375	amp	7988500.5
chrX	8077001	8282000	DTB-214-BL	1.795	amp	8179500.5
chrX	8282001	8465000	DTB-214-BL	3.545	amp	8373500.5
chrX	8465001	8468000	DTB-214-BL	2.475	amp	8466500.5
chrX	8468001	8961000	DTB-214-BL	3.445	amp	8714500.5
chrX	8961001	23892000	DTB-214-BL	1.815	amp	16426500.5
chrX	23892001	24144000	DTB-214-BL	3.43	amp	24018000.5
chrX	24144001	24307000	DTB-214-BL	5.125	amp	24225500.5
chrX	24307001	24846000	DTB-214-BL	3.48	amp	24576500.5
chrX	24846001	26082000	DTB-214-BL	1.825	amp	25464000.5
chrX	26089001	44493000	DTB-214-BL	1.82	amp	35291000.5
chrX	44493001	44746000	DTB-214-BL	3.415	amp	44619500.5
chrX	44746001	46084000	DTB-214-BL	1.84	amp	45415000.5
chrX	46084001	47897000	DTB-214-BL	3.415	amp	46990500.5
chrX	47897001	47903500	DTB-214-BL	4.395	amp	47900250.5
chrX	47903501	48410500	DTB-214-BL	3.4	amp	48157000.5
chrX	48410501	58483000	DTB-214-BL	1.8	amp	53446750.5
chrX	58499001	66755000	DTB-214-BL	1.8	amp	62627000.5
chrX	66755001	66769000	DTB-214-BL	3.44	amp	66762000.5
chrX	66769001	66809000	DTB-214-BL	4.12	amp	66789000.5
chrX	66809001	67005000	DTB-214-BL	5.185	amp	66907000.5
chrX	67005001	67017000	DTB-214-BL	3.095	amp	67011000.5
chrX	67017001	99079000	DTB-214-BL	1.805	amp	83048000.5
chrX	99079001	99235000	DTB-214-BL	3.425	amp	99157000.5
chrX	99235001	103894500	DTB-214-BL	1.8	amp	101564750.5
chrX	103899501	110475000	DTB-214-BL	1.8	amp	107187250.5
chrX	110475001	110723000	DTB-214-BL	3.41	amp	110599000.5
chrX	110723001	125272000	DTB-214-BL	1.81	amp	117997500.5
chrX	125281001	136696000	DTB-214-BL	1.805	amp	130988500.5
chrX	136696001	136703000	DTB-214-BL	2.39	amp	136699500.5
chrX	136703001	143655000	DTB-214-BL	1.8	amp	140179000.5
chrX	143659001	145428000	DTB-214-BL	1.785	amp	144543500.5
chrX	145428001	145533000	DTB-214-BL	3.445	amp	145480500.5
chrX	145533001	145994000	DTB-214-BL	1.81	amp	145763500.5
chrX	145994001	146176000	DTB-214-BL	3.385	amp	146085000.5
chrX	146176001	155700000	DTB-214-BL	1.79	amp	150938000.5
chrX	155700001	156040895	DTB-214-BL	1.41	amp	155870448
chrX	1	231500	DTB-216-PRO	1.61	amp	115750.5
chrX	3916001	4443000	DTB-216-PRO	1.485	amp	4179500.5
chrX	4443001	4446000	DTB-216-PRO	2.31	amp	4444500.5
chrX	4446001	57697000	DTB-216-PRO	1.52	amp	31071500.5
chrX	57697001	57700000	DTB-216-PRO	2.23	amp	57698500.5
chrX	57700001	58483000	DTB-216-PRO	1.5	amp	58091500.5
chrX	58499001	66035000	DTB-216-PRO	1.51	amp	62267000.5
chrX	66035001	66038000	DTB-216-PRO	2.58	amp	66036500.5
chrX	66038001	108834000	DTB-216-PRO	1.505	amp	87436000.5
chrX	108834001	108839000	DTB-216-PRO	2.08	amp	108836500.5
chrX	108839001	143655000	DTB-216-PRO	1.51	amp	126247000.5
chrX	143655001	143659000	DTB-216-PRO	15.615	amp	143657000.5
chrX	143659001	144078000	DTB-216-PRO	1.48	amp	143868500.5
chrX	144094001	155564500	DTB-216-PRO	1.51	amp	149829250.5
chrX	155573001	155701000	DTB-216-PRO	1.545	amp	155637000.5
chrX	1	22000	DTB-220-BL	1.535	amp	11000.5
chrX	328001	331000	DTB-220-BL	2.155	amp	329500.5
chrX	45135001	45138000	DTB-220-BL	1.815	amp	45136500.5
chrX	57696001	57699000	DTB-220-BL	2.415	amp	57697500.5
chrX	66700001	66730000	DTB-220-BL	2.485	amp	66715000.5
chrX	66730001	67124000	DTB-220-BL	5.34	amp	66927000.5
chrX	67124001	67304000	DTB-220-BL	2.64	amp	67214000.5
chrX	67307001	67902000	DTB-220-BL	2.55	amp	67604500.5
chrX	115730501	115788500	DTB-220-BL	2.11	amp	115759500.5
chrX	125274001	125279000	DTB-220-BL	1.415	amp	125276500.5
chrX	8721001	8726000	DTB-222-BL	1.565	amp	8723500.5
chrX	1	172000	DTB-223-BL	1.845	amp	86000.5
chrX	172001	1175000	DTB-223-BL	1.435	amp	673500.5
chrX	3148001	4855000	DTB-223-BL	1.855	amp	4001500.5
chrX	4855001	4885000	DTB-223-BL	1.52	amp	4870000.5
chrX	4942001	5343000	DTB-223-BL	1.665	amp	5142500.5
chrX	7418001	7447000	DTB-223-BL	1.625	amp	7432500.5
chrX	7535001	7545000	DTB-223-BL	1.68	amp	7540000.5
chrX	8451001	9819000	DTB-223-BL	2.21	amp	9135000.5
chrX	9819001	11019000	DTB-223-BL	2.905	amp	10419000.5
chrX	11019001	13177000	DTB-223-BL	1.99	amp	12098000.5
chrX	13177001	13189000	DTB-223-BL	2.945	amp	13183000.5
chrX	13189001	13309000	DTB-223-BL	2.015	amp	13249000.5
chrX	13309001	13734000	DTB-223-BL	2.885	amp	13521500.5
chrX	13734001	14028000	DTB-223-BL	2.265	amp	13881000.5
chrX	14028001	14244000	DTB-223-BL	1.535	amp	14136000.5
chrX	14244001	14254000	DTB-223-BL	1.9	amp	14249000.5
chrX	14254001	15238000	DTB-223-BL	1.57	amp	14746000.5
chrX	15238001	15866000	DTB-223-BL	2.37	amp	15552000.5
chrX	15874001	16171000	DTB-223-BL	2.125	amp	16022500.5
chrX	16171001	16863000	DTB-223-BL	1.55	amp	16517000.5
chrX	17497001	17502000	DTB-223-BL	1.975	amp	17499500.5
chrX	17542001	17646000	DTB-223-BL	1.93	amp	17594000.5
chrX	17978001	18692000	DTB-223-BL	1.995	amp	18335000.5
chrX	18692001	18741000	DTB-223-BL	2.92	amp	18716500.5
chrX	18741001	19898000	DTB-223-BL	2.115	amp	19319500.5
chrX	19898001	26863000	DTB-223-BL	1.43	amp	23380500.5
chrX	27438001	39185000	DTB-223-BL	2.06	amp	33311500.5
chrX	54741001	58905000	DTB-223-BL	2.08	amp	56823000.5
chrX	58905001	70077000	DTB-223-BL	2.92	amp	64491000.5
chrX	70077001	70177000	DTB-223-BL	3.875	amp	70127000.5
chrX	70177001	70179000	DTB-223-BL	2.555	amp	70178000.5
chrX	70179001	88072000	DTB-223-BL	1.725	amp	79125500.5
chrX	88072001	88084000	DTB-223-BL	2.17	amp	88078000.5
chrX	88084001	95328000	DTB-223-BL	1.715	amp	91706000.5
chrX	95328001	95331000	DTB-223-BL	2.655	amp	95329500.5
chrX	95331001	99305000	DTB-223-BL	1.715	amp	97318000.5
chrX	143655001	143659000	DTB-223-BL	2.355	amp	143657000.5
chrX	155457001	155460000	DTB-223-BL	1.45	amp	155458500.5
chrX	155570001	155573000	DTB-223-BL	1.665	amp	155571500.5
chrX	1	1365000	DTB-232-PRO	1.73	amp	682500.5
chrX	1365001	1377000	DTB-232-PRO	2.3	amp	1371000.5
chrX	1377001	2781000	DTB-232-PRO	1.725	amp	2079000.5
chrX	2781001	32471000	DTB-232-PRO	2.11	amp	17626000.5
chrX	32700001	58487000	DTB-232-PRO	2.11	amp	45593500.5
chrX	58499001	79190000	DTB-232-PRO	2.11	amp	68844500.5
chrX	80721001	84919000	DTB-232-PRO	2.145	amp	82820000.5
chrX	84992001	86675000	DTB-232-PRO	2.115	amp	85833500.5
chrX	87028001	87218000	DTB-232-PRO	2.125	amp	87123000.5
chrX	109358001	109377000	DTB-232-PRO	1.995	amp	109367500.5
chrX	111587001	111860000	DTB-232-PRO	2.115	amp	111723500.5
chrX	112596001	112604000	DTB-232-PRO	2.08	amp	112600000.5
chrX	120346001	122154000	DTB-232-PRO	1.665	amp	121250000.5
chrX	122154001	122344000	DTB-232-PRO	2.11	amp	122249000.5
chrX	124569001	124823000	DTB-232-PRO	2.125	amp	124696000.5
chrX	124823001	128041000	DTB-232-PRO	1.68	amp	126432000.5
chrX	132896001	133006000	DTB-232-PRO	2.05	amp	132951000.5
chrX	133006001	135605000	DTB-232-PRO	1.66	amp	134305500.5
chrX	143272001	143653000	DTB-232-PRO	2.13	amp	143462500.5
chrX	143653001	143659000	DTB-232-PRO	4.23	amp	143656000.5
chrX	143659001	143950000	DTB-232-PRO	2.135	amp	143804500.5
chrX	143950001	145035000	DTB-232-PRO	1.655	amp	144492500.5
chrX	145035001	145104000	DTB-232-PRO	2.53	amp	145069500.5
chrX	58539001	62469500	DTB-234-BL	1.635	amp	60504250.5
chrX	66816001	66887000	DTB-234-BL	1.69	amp	66851500.5
chrX	66887001	66923000	DTB-234-BL	2.505	amp	66905000.5
chrX	66923001	66925000	DTB-234-BL	1.72	amp	66924000.5
chrX	58573001	60312000	DTB-251-BL	1.695	amp	59442500.5
chrX	66794001	67033000	DTB-251-BL	2.19	amp	66913500.5
chrX	152150001	152154000	DTB-251-BL	1.82	amp	152152000.5
chrX	172001	249000	DTB-252-BL	1.945	amp	210500.5
chrX	249001	2166000	DTB-252-BL	1.48	amp	1207500.5
chrX	2166001	2169000	DTB-252-BL	1.885	amp	2167500.5
chrX	2169001	2210000	DTB-252-BL	1.455	amp	2189500.5
chrX	2210001	2214000	DTB-252-BL	1.91	amp	2212000.5
chrX	2214001	2374000	DTB-252-BL	1.495	amp	2294000.5
chrX	2374001	2377000	DTB-252-BL	1.905	amp	2375500.5
chrX	2377001	2782000	DTB-252-BL	1.455	amp	2579500.5
chrX	2782001	36906000	DTB-252-BL	1.82	amp	19844000.5
chrX	36906001	41950000	DTB-252-BL	3.45	amp	39428000.5
chrX	41950001	66529000	DTB-252-BL	1.82	amp	54239500.5
chrX	66529001	68471000	DTB-252-BL	3.525	amp	67500000.5
chrX	68471001	155701000	DTB-252-BL	1.81	amp	112086000.5
chrX	155701001	156040895	DTB-252-BL	1.435	amp	155870948
chrX	226001	268000	DTB-255-BL	1.81	amp	247000.5
chrX	271001	322000	DTB-255-BL	1.72	amp	296500.5
chrX	322001	2781000	DTB-255-BL	2.085	amp	1551500.5
chrX	3748001	44228000	DTB-255-BL	1.465	amp	23988000.5
chrX	44228001	44694000	DTB-255-BL	1.86	amp	44461000.5
chrX	44694001	48852000	DTB-255-BL	1.46	amp	46773000.5
chrX	48852001	48856000	DTB-255-BL	2.035	amp	48854000.5
chrX	48856001	50058000	DTB-255-BL	1.445	amp	49457000.5
chrX	50058001	50182000	DTB-255-BL	1.845	amp	50120000.5
chrX	50190001	50199000	DTB-255-BL	1.855	amp	50194500.5
chrX	50226001	50280000	DTB-255-BL	1.785	amp	50253000.5
chrX	57697001	57700000	DTB-255-BL	1.6	amp	57698500.5
chrX	63316001	63440000	DTB-255-BL	9.26	amp	63378000.5
chrX	63440001	63566000	DTB-255-BL	12.55	amp	63503000.5
chrX	63566001	63808000	DTB-255-BL	9.14	amp	63687000.5
chrX	63808001	64013500	DTB-255-BL	5.19	amp	63910750.5
chrX	64013501	64020000	DTB-255-BL	3.565	amp	64016750.5
chrX	64020001	64165000	DTB-255-BL	5.15	amp	64092500.5
chrX	64165001	64176000	DTB-255-BL	6.15	amp	64170500.5
chrX	64176001	64723000	DTB-255-BL	5.16	amp	64449500.5
chrX	64723001	64867000	DTB-255-BL	8.45	amp	64795000.5
chrX	64867001	65178000	DTB-255-BL	4.41	amp	65022500.5
chrX	65178001	68217000	DTB-255-BL	7.69	amp	66697500.5
chrX	68217001	68221000	DTB-255-BL	5.44	amp	68219000.5
chrX	68221001	69046000	DTB-255-BL	7.75	amp	68633500.5
chrX	69046001	69052000	DTB-255-BL	5.34	amp	69049000.5
chrX	69052001	69056000	DTB-255-BL	8.55	amp	69054000.5
chrX	69056001	69236000	DTB-255-BL	4.99	amp	69146000.5
chrX	69236001	70508000	DTB-255-BL	2.32	amp	69872000.5
chrX	70508001	70629000	DTB-255-BL	1.93	amp	70568500.5
chrX	70629001	71076000	DTB-255-BL	1.495	amp	70852500.5
chrX	73117001	75933000	DTB-255-BL	1.5	amp	74525000.5
chrX	143655001	143659000	DTB-255-BL	1.5	amp	143657000.5
chrX	1	226000	DTB-258-BL	1.475	amp	113000.5
chrX	230001	238000	DTB-258-BL	1.56	amp	234000.5
chrX	249001	567000	DTB-258-BL	1.43	amp	408000.5
chrX	570001	3835500	DTB-258-BL	1.52	amp	2202750.5
chrX	3870001	63711000	DTB-258-BL	1.69	amp	33790500.5
chrX	63711001	63732000	DTB-258-BL	1.46	amp	63721500.5
chrX	63732001	66867000	DTB-258-BL	1.72	amp	65299500.5
chrX	66867001	66935000	DTB-258-BL	2.775	amp	66901000.5
chrX	66935001	127878000	DTB-258-BL	1.645	amp	97406500.5
chrX	127878001	127890000	DTB-258-BL	2.055	amp	127884000.5
chrX	127890001	131871000	DTB-258-BL	1.645	amp	129880500.5
chrX	131871001	131875000	DTB-258-BL	2.945	amp	131873000.5
chrX	131875001	143655000	DTB-258-BL	1.675	amp	137765000.5
chrX	143655001	143659000	DTB-258-BL	5.84	amp	143657000.5
chrX	143659001	156040895	DTB-258-BL	1.665	amp	149849948
chrX	66816001	67130000	DTB-260-BL	1.49	amp	66973000.5
chrX	50226001	50280000	DTB-261-BL	1.415	amp	50253000.5
chrX	57696001	57699000	DTB-261-BL	1.42	amp	57697500.5
chrX	58483001	58499000	DTB-261-BL	1.98	amp	58491000.5
chrX	66897001	67079000	DTB-261-BL	1.61	amp	66988000.5
chrX	87594001	87636000	DTB-261-BL	0.145	del	87615000.5
chrX	88180001	88207000	DTB-261-BL	0.145	del	88193500.5
chrX	127254001	127361000	DTB-261-BL	0.15	del	127307500.5
chrX	127774001	127783000	DTB-261-BL	0.135	del	127778500.5
chrX	143653001	143659000	DTB-261-BL	1.585	amp	143656000.5
chrX	156008001	156015000	DTB-261-BL	1.785	amp	156011500.5
chrX	156015001	156029000	DTB-261-BL	1.4	amp	156022000.5
chrX	1	97500	DTB-265-PRO	1.64	amp	48750.5
chrX	2782001	5790000	DTB-265-PRO	1.77	amp	4286000.5
chrX	5790001	6976000	DTB-265-PRO	3.35	amp	6383000.5
chrX	6976001	15229000	DTB-265-PRO	1.795	amp	11102500.5
chrX	15234001	28117000	DTB-265-PRO	1.785	amp	21675500.5
chrX	28117001	28123000	DTB-265-PRO	2.32	amp	28120000.5
chrX	28123001	29329000	DTB-265-PRO	1.79	amp	28726000.5
chrX	29335001	48500000	DTB-265-PRO	1.78	amp	38917500.5
chrX	48500001	48503000	DTB-265-PRO	2.28	amp	48501500.5
chrX	48503001	53577000	DTB-265-PRO	1.75	amp	51040000.5
chrX	53580001	55984000	DTB-265-PRO	1.79	amp	54782000.5
chrX	55984001	55987000	DTB-265-PRO	2.64	amp	55985500.5
chrX	55987001	63831000	DTB-265-PRO	1.805	amp	59909000.5
chrX	63831001	64378000	DTB-265-PRO	3.055	amp	64104500.5
chrX	64378001	65502000	DTB-265-PRO	6.11	amp	64940000.5
chrX	65502001	65726000	DTB-265-PRO	13.525	amp	65614000.5
chrX	65726001	65729000	DTB-265-PRO	8.185	amp	65727500.5
chrX	65729001	66496000	DTB-265-PRO	14.58	amp	66112500.5
chrX	66496001	68391000	DTB-265-PRO	12.02	amp	67443500.5
chrX	68391001	68729000	DTB-265-PRO	7.555	amp	68560000.5
chrX	68729001	69953000	DTB-265-PRO	11	amp	69341000.5
chrX	142965001	142971000	DTB-265-PRO	0.105	del	142968000.5
chrX	143277001	143286000	DTB-265-PRO	1.435	amp	143281500.5
chrX	144504001	144520000	DTB-265-PRO	0.105	del	144512000.5
chrX	154493001	154497000	DTB-265-PRO	1.57	amp	154495000.5
chrX	155704001	156029000	DTB-265-PRO	1.515	amp	155866500.5
chrX	2782001	45038000	DTB-266-BL	1.595	amp	23910000.5
chrX	45042001	64751000	DTB-266-BL	1.6	amp	54896500.5
chrX	64751001	64756000	DTB-266-BL	2.125	amp	64753500.5
chrX	64756001	68120000	DTB-266-BL	1.825	amp	66438000.5
chrX	68120001	155701000	DTB-266-BL	1.515	amp	111910500.5
